GeoName,LineCode,Description,2008,2009,2010,2011,2012,2013,2014,2015,2016,2017,2018
Colorado,1,Personal income (thousands of dollars),208738019,198800165,205372353,223153197,237141451,249281621,271307469,284233907,289580620,310754539,332942578
Colorado,2,Population (persons) 1/,4889730,4972195,5048281,5121771,5193721,5270482,5351218,5452107,5540921,5615902,5695564
Colorado,3,Per capita personal income (dollars) 2/,42689,39982,40682,43570,45659,47298,50700,52133,52262,55335,58456
Virginia,1,Personal income (thousands of dollars),355931394,349712085,365041354,387003902,405863910,403199068,421874511,442331375,450870212,468177329,492312666
Virginia,2,Population (persons) 1/,7833496,7925937,8023680,8100469,8185229,8253053,8312076,8362907,8410946,8465207,8517685
Virginia,3,Per capita personal income (dollars) 2/,45437,44122,45496,47775,49585,48855,50754,52892,53605,55306,57799
Wisconsin,1,Personal income (thousands of dollars),219492838,215830801,221909662,234910041,246150786,247744896,258489368,268947729,274504689,285487389,299932678
Wisconsin,2,Population (persons) 1/,5640996,5669264,5690479,5704755,5719855,5736952,5751974,5761406,5772958,5792051,5813568
Wisconsin,3,Per capita personal income (dollars) 2/,38910,38070,38997,41178,43034,43184,44939,46681,47550,49290,51592
"Adams, CO*",1,Personal income (thousands of dollars),13495715,13426095,13645366,14647606,15620755,16362049,17667966,18819758,19664862,20767530,22171317
"Adams, CO*",2,Population (persons) 1/,424913,435700,443698,452203,460648,470145,480263,490768,498249,504428,511868
"Adams, CO*",3,Per capita personal income (dollars) 2/,31761,30815,30754,32392,33910,34802,36788,38348,39468,41170,43315
"Alamosa, CO",1,Personal income (thousands of dollars),442964,448195,451726,483014,488882,496815,522619,566198,571068,586242,623132
"Alamosa, CO",2,Population (persons) 1/,15300,15289,15932,16122,16095,16203,16220,16314,16461,16543,16683
"Alamosa, CO",3,Per capita personal income (dollars) 2/,28952,29315,28353,29960,30375,30662,32221,34706,34692,35437,37351
"Arapahoe, CO",1,Personal income (thousands of dollars),24088329,22394970,23553416,27412896,28887845,30223271,32942587,34279987,35121849,36579457,39190019
"Arapahoe, CO",2,Population (persons) 1/,552461,563161,574762,585844,596343,608209,618798,630637,638571,644132,651215
"Arapahoe, CO",3,Per capita personal income (dollars) 2/,43602,39767,40979,46792,48442,49692,53236,54358,55001,56789,60180
"Archuleta, CO",1,Personal income (thousands of dollars),384688,360576,366632,386471,406052,418375,462777,488963,513334,542712,577404
"Archuleta, CO",2,Population (persons) 1/,12250,12169,12046,12022,12133,12218,12233,12393,12832,13317,13765
"Archuleta, CO",3,Per capita personal income (dollars) 2/,31403,29631,30436,32147,33467,34243,37830,39455,40004,40753,41947
"Baca, CO",1,Personal income (thousands of dollars),126259,142995,149011,165410,139938,155307,141430,130573,132865,146244,146870
"Baca, CO",2,Population (persons) 1/,3806,3767,3807,3777,3722,3656,3587,3553,3528,3563,3585
"Baca, CO",3,Per capita personal income (dollars) 2/,33174,37960,39141,43794,37598,42480,39428,36750,37660,41045,40968
"Bent, CO",1,Personal income (thousands of dollars),140925,143704,142303,146192,141854,143334,148281,162871,160019,154409,162188
"Bent, CO",2,Population (persons) 1/,5962,6425,6500,6339,5827,5746,5784,5879,5645,5857,5882
"Bent, CO",3,Per capita personal income (dollars) 2/,23637,22366,21893,23062,24344,24945,25636,27704,28347,26363,27574
"Boulder, CO*",1,Personal income (thousands of dollars),15157809,13762807,14889031,15690492,16746365,17540263,18912880,20412287,20923799,22457556,23932182
"Boulder, CO*",2,Population (persons) 1/,290859,293190,295774,300897,305565,310247,313298,319175,322527,324073,326078
"Boulder, CO*",3,Per capita personal income (dollars) 2/,52114,46942,50339,52146,54805,56536,60367,63953,64875,69298,73394
"Broomfield, CO*",1,Personal income (thousands of dollars),3343595,3139879,3045053,3237400,3447874,3310277,3560058,3806913,4015243,4310231,4600020
"Broomfield, CO*",2,Population (persons) 1/,53181,54789,56221,57482,58963,60149,61769,64856,66474,68232,69267
"Broomfield, CO*",3,Per capita personal income (dollars) 2/,62872,57309,54162,56320,58475,55035,57635,58698,60403,63170,66410
"Chaffee, CO",1,Personal income (thousands of dollars),535666,546678,552133,587203,620603,652737,719118,765222,809743,871318,941237
"Chaffee, CO",2,Population (persons) 1/,17573,17852,17808,18030,18153,18358,18453,18600,19089,19651,20027
"Chaffee, CO",3,Per capita personal income (dollars) 2/,30482,30623,31005,32568,34187,35556,38970,41141,42419,44340,46998
"Cheyenne, CO",1,Personal income (thousands of dollars),76892,88530,99621,108547,97927,104252,97086,95816,92059,105350,106368
"Cheyenne, CO",2,Population (persons) 1/,1881,1843,1833,1862,1872,1878,1846,1827,1849,1860,1876
"Cheyenne, CO",3,Per capita personal income (dollars) 2/,40878,48036,54349,58296,52311,55512,52593,52444,49789,56640,56699
"Clear Creek, CO",1,Personal income (thousands of dollars),423468,404541,399753,419259,434345,452695,475077,517171,526476,554932,588788
"Clear Creek, CO",2,Population (persons) 1/,9138,8994,9073,9001,9008,9013,9114,9237,9356,9582,9605
"Clear Creek, CO",3,Per capita personal income (dollars) 2/,46341,44979,44060,46579,48218,50227,52126,55989,56271,57914,61300
"Conejos, CO",1,Personal income (thousands of dollars),192252,202038,204341,221067,225624,238613,244388,272265,271436,280658,302531
"Conejos, CO",2,Population (persons) 1/,8200,8140,8312,8289,8249,8200,8233,8069,8057,8153,8200
"Conejos, CO",3,Per capita personal income (dollars) 2/,23445,24820,24584,26670,27352,29099,29684,33742,33689,34424,36894
"Costilla, CO",1,Personal income (thousands of dollars),84040,90016,88629,100018,97837,102246,105789,117160,118441,123895,131231
"Costilla, CO",2,Population (persons) 1/,3532,3481,3529,3642,3605,3543,3564,3577,3696,3772,3828
"Costilla, CO",3,Per capita personal income (dollars) 2/,23794,25859,25114,27462,27139,28859,29683,32754,32046,32846,34282
"Crowley, CO",1,Personal income (thousands of dollars),103866,96227,95697,95383,98175,98465,103566,125490,118369,111685,112126
"Crowley, CO",2,Population (persons) 1/,5947,5797,5861,5882,5460,5346,5609,5622,5261,5798,5858
"Crowley, CO",3,Per capita personal income (dollars) 2/,17465,16599,16328,16216,17981,18418,18464,22321,22499,19263,19141
"Custer, CO",1,Personal income (thousands of dollars),133637,138039,132820,145008,142716,158805,174281,187624,184143,193012,206490
"Custer, CO",2,Population (persons) 1/,4107,4190,4283,4228,4222,4265,4344,4438,4593,4873,4954
"Custer, CO",3,Per capita personal income (dollars) 2/,32539,32945,31011,34297,33803,37234,40120,42277,40092,39608,41681
"Delta, CO",1,Personal income (thousands of dollars),893234,860321,885382,954076,958930,971813,995112,1015483,1017245,1110726,1202670
"Delta, CO",2,Population (persons) 1/,30712,31156,30859,30390,30466,30339,29965,29919,30356,30537,30953
"Delta, CO",3,Per capita personal income (dollars) 2/,29084,27613,28691,31394,31475,32032,33209,33941,33511,36373,38855
"Denver, CO",1,Personal income (thousands of dollars),31381947,27757691,29588942,33654891,36773412,40088405,45241834,45728452,44522399,52481871,57211387
"Denver, CO",2,Population (persons) 1/,575721,589011,603354,620513,635277,649513,664870,683665,696618,705439,716492
"Denver, CO",3,Per capita personal income (dollars) 2/,54509,47126,49041,54237,57886,61721,68046,66887,63912,74396,79849
"Dolores, CO",1,Personal income (thousands of dollars),46767,49563,51082,60540,61252,64855,65452,70139,65290,68862,72456
"Dolores, CO",2,Population (persons) 1/,2061,2057,2069,2044,2009,2033,1977,1981,2056,2053,2074
"Dolores, CO",3,Per capita personal income (dollars) 2/,22691,24095,24689,29618,30489,31901,33107,35406,31756,33542,34935
"Douglas, CO",1,Personal income (thousands of dollars),15502471,15484854,15418328,16587329,18105971,19140200,20780532,21742449,22482320,23506657,25249718
"Douglas, CO",2,Population (persons) 1/,275500,281386,286977,292513,298698,306232,314574,321964,328088,335668,342776
"Douglas, CO",3,Per capita personal income (dollars) 2/,56270,55031,53727,56706,60616,62502,66059,67531,68525,70029,73662
"Eagle, CO",1,Personal income (thousands of dollars),2893881,2530602,2319404,2415413,2528424,2920389,3244544,3570057,3709922,4020667,4297802
"Eagle, CO",2,Population (persons) 1/,51049,52513,52104,52072,52366,52857,53323,53896,54579,54992,54993
"Eagle, CO",3,Per capita personal income (dollars) 2/,56688,48190,44515,46386,48284,55251,60847,66240,67973,73114,78152
"Elbert, CO",1,Personal income (thousands of dollars),960214,966731,911096,1119397,1031357,1110310,1178039,1258881,1329227,1405744,1506851
"Elbert, CO",2,Population (persons) 1/,22634,22965,23143,23176,23273,23541,24033,24621,25138,25735,26282
"Elbert, CO",3,Per capita personal income (dollars) 2/,42424,42096,39368,48300,44316,47165,49018,51130,52877,54624,57334
"El Paso, CO",1,Personal income (thousands of dollars),22540738,22841091,23983922,25565462,26607413,27010640,28650529,30108460,30893149,32721960,34598539
"El Paso, CO",2,Population (persons) 1/,597919,608061,626904,637120,645879,655320,663266,674156,688687,700800,713856
"El Paso, CO",3,Per capita personal income (dollars) 2/,37699,37564,38258,40127,41196,41217,43196,44661,44858,46692,48467
"Fremont, CO",1,Personal income (thousands of dollars),1175429,1183081,1210175,1266840,1302009,1329984,1396984,1481374,1534820,1597582,1701631
"Fremont, CO",2,Population (persons) 1/,47166,46871,46835,47379,47060,46310,46133,46267,46982,47607,48021
"Fremont, CO",3,Per capita personal income (dollars) 2/,24921,25241,25839,26738,27667,28719,30282,32018,32668,33558,35435
"Garfield, CO",1,Personal income (thousands of dollars),2485003,2338351,2096104,2260110,2384023,2567647,2880895,3234773,3140881,3306264,3565485
"Garfield, CO",2,Population (persons) 1/,55449,57089,56092,56065,56788,56971,57201,57760,58847,59113,59770
"Garfield, CO",3,Per capita personal income (dollars) 2/,44816,40960,37369,40312,41981,45069,50364,56004,53374,55931,59653
"Gilpin, CO",1,Personal income (thousands of dollars),204470,198112,195089,193698,194808,226677,239233,253647,265122,276145,294591
"Gilpin, CO",2,Population (persons) 1/,5026,5352,5475,5431,5434,5534,5751,5807,5914,6026,6121
"Gilpin, CO",3,Per capita personal income (dollars) 2/,40682,37016,35633,35665,35850,40961,41599,43680,44830,45826,48128
"Grand, CO",1,Personal income (thousands of dollars),481248,455205,453905,477784,507874,552830,602108,645819,669140,718928,773836
"Grand, CO",2,Population (persons) 1/,14622,14902,14796,14562,14220,14311,14559,14721,15170,15356,15525
"Grand, CO",3,Per capita personal income (dollars) 2/,32913,30547,30678,32810,35715,38630,41356,43871,44109,46817,49845
"Gunnison, CO",1,Personal income (thousands of dollars),545707,525582,517559,543876,561747,589114,640481,676858,712983,756408,813135
"Gunnison, CO",2,Population (persons) 1/,15250,15356,15355,15322,15436,15653,15842,16178,16489,16931,17246
"Gunnison, CO",3,Per capita personal income (dollars) 2/,35784,34226,33706,35496,36392,37636,40429,41838,43240,44676,47149
"Hinsdale, CO",1,Personal income (thousands of dollars),25454,27016,29185,31269,32753,32182,33947,35273,37156,39460,41116
"Hinsdale, CO",2,Population (persons) 1/,818,834,844,825,802,804,773,764,788,791,811
"Hinsdale, CO",3,Per capita personal income (dollars) 2/,31117,32393,34579,37902,40839,40027,43916,46169,47152,49886,50698
"Huerfano, CO",1,Personal income (thousands of dollars),200626,202743,202524,209581,219473,223378,233654,247838,263200,271539,292503
"Huerfano, CO",2,Population (persons) 1/,7073,6824,6680,6527,6565,6463,6396,6407,6579,6645,6889
"Huerfano, CO",3,Per capita personal income (dollars) 2/,28365,29710,30318,32110,33431,34563,36531,38682,40006,40864,42459
"Jackson, CO",1,Personal income (thousands of dollars),46566,48835,51048,54009,47192,51230,56592,61180,59670,62312,69562
"Jackson, CO",2,Population (persons) 1/,1378,1408,1389,1357,1325,1336,1385,1352,1357,1379,1399
"Jackson, CO",3,Per capita personal income (dollars) 2/,33792,34684,36752,39800,35617,38346,40861,45251,43972,45186,49723
"Jefferson, CO*",1,Personal income (thousands of dollars),24732428,23672355,24261539,25598862,26964430,28345387,30505171,32173139,33097572,34667371,36865409
"Jefferson, CO*",2,Population (persons) 1/,529003,531961,535833,540755,546764,552254,559085,565223,571779,575817,580233
"Jefferson, CO*",3,Per capita personal income (dollars) 2/,46753,44500,45278,47339,49316,51327,54563,56921,57885,60206,63536
"Kiowa, CO",1,Personal income (thousands of dollars),51855,55223,62617,72401,74912,80289,71835,70626,68415,71214,69312
"Kiowa, CO",2,Population (persons) 1/,1392,1378,1404,1431,1409,1392,1380,1384,1342,1367,1383
"Kiowa, CO",3,Per capita personal income (dollars) 2/,37252,40075,44599,50595,53167,57679,52054,51030,50980,52095,50117
"Kit Carson, CO",1,Personal income (thousands of dollars),259705,259040,289389,295004,295467,285492,281087,273582,268935,270968,266997
"Kit Carson, CO",2,Population (persons) 1/,8157,8383,8263,8170,8074,8247,8020,8215,7625,7152,7163
"Kit Carson, CO",3,Per capita personal income (dollars) 2/,31838,30901,35022,36108,36595,34618,35048,33303,35270,37887,37274
"Lake, CO",1,Personal income (thousands of dollars),212723,197305,193251,202274,211543,220135,232691,246471,252831,269814,290316
"Lake, CO",2,Population (persons) 1/,7450,7426,7264,7342,7253,7265,7320,7442,7584,7753,7824
"Lake, CO",3,Per capita personal income (dollars) 2/,28553,26569,26604,27550,29166,30301,31788,33119,33337,34801,37106
"La Plata, CO",1,Personal income (thousands of dollars),2222038,2113335,2136092,2245325,2478850,2910010,3157546,2997974,2896201,2945090,3142489
"La Plata, CO",2,Population (persons) 1/,50291,51105,51343,51794,52369,53287,53788,54609,55258,55541,56310
"La Plata, CO",3,Per capita personal income (dollars) 2/,44184,41353,41604,43351,47334,54610,58704,54899,52412,53026,55807
"Larimer, CO",1,Personal income (thousands of dollars),11138411,10939308,11252959,11936687,12720373,13460042,14636428,15646663,16344762,17714530,18993920
"Larimer, CO",2,Population (persons) 1/,291650,296696,300450,305237,310856,316258,324061,333309,338926,343993,350518
"Larimer, CO",3,Per capita personal income (dollars) 2/,38191,36870,37454,39106,40920,42560,45166,46943,48225,51497,54188
"Las Animas, CO",1,Personal income (thousands of dollars),464902,442617,443378,461714,481017,498166,519809,516244,530131,544581,591211
"Las Animas, CO",2,Population (persons) 1/,15770,15775,15413,15041,14980,14390,14044,14043,14076,14231,14503
"Las Animas, CO",3,Per capita personal income (dollars) 2/,29480,28058,28766,30697,32111,34619,37013,36762,37662,38267,40765
"Lincoln, CO",1,Personal income (thousands of dollars),137442,145817,146181,151582,151103,130409,148138,145611,140184,147322,161727
"Lincoln, CO",2,Population (persons) 1/,5468,5423,5471,5418,5441,5435,5504,5545,5549,5530,5610
"Lincoln, CO",3,Per capita personal income (dollars) 2/,25136,26889,26719,27977,27771,23994,26915,26260,25263,26641,28828
"Logan, CO",1,Personal income (thousands of dollars),829353,767938,786421,891251,973417,1021633,1080272,1115264,1082465,1024827,1036820
"Logan, CO",2,Population (persons) 1/,22128,22451,22033,21869,21661,21469,21748,21771,21733,21665,21528
"Logan, CO",3,Per capita personal income (dollars) 2/,37480,34205,35693,40754,44939,47586,49672,51227,49807,47303,48161
"Mesa, CO",1,Personal income (thousands of dollars),5485101,5119013,5007084,5219925,5466236,5556701,5890543,5972451,5967780,6395255,6884366
"Mesa, CO",2,Population (persons) 1/,143155,147851,146361,147285,147437,147313,147312,148227,149838,151406,153207
"Mesa, CO",3,Per capita personal income (dollars) 2/,38316,34623,34211,35441,37075,37720,39987,40293,39828,42239,44935
"Mineral, CO",1,Personal income (thousands of dollars),28799,29774,28605,33409,37022,41441,43959,48056,48305,50230,55170
"Mineral, CO",2,Population (persons) 1/,774,732,704,711,719,732,703,744,757,759,776
"Mineral, CO",3,Per capita personal income (dollars) 2/,37208,40675,40632,46989,51491,56613,62531,64591,63811,66179,71095
"Moffat, CO",1,Personal income (thousands of dollars),465985,474097,447682,477816,487590,516380,521778,526298,514894,521265,555617
"Moffat, CO",2,Population (persons) 1/,13585,13728,13794,13421,13169,13124,12934,12938,13143,13095,13188
"Moffat, CO",3,Per capita personal income (dollars) 2/,34301,34535,32455,35602,37026,39346,40342,40678,39176,39806,42130
"Montezuma, CO",1,Personal income (thousands of dollars),789254,772706,785270,826516,869488,909726,1008577,1040264,1029465,1054192,1124740
"Montezuma, CO",2,Population (persons) 1/,25222,25507,25577,25474,25475,25544,25516,25722,25999,26148,26158
"Montezuma, CO",3,Per capita personal income (dollars) 2/,31292,30294,30702,32445,34131,35614,39527,40443,39596,40316,42998
"Montrose, CO",1,Personal income (thousands of dollars),1274566,1237399,1223095,1249681,1297104,1309795,1386552,1446629,1491837,1573763,1685601
"Montrose, CO",2,Population (persons) 1/,40658,41535,41186,40972,40654,40555,40596,40576,41168,41785,42214
"Montrose, CO",3,Per capita personal income (dollars) 2/,31348,29792,29697,30501,31906,32297,34155,35652,36238,37663,39930
"Morgan, CO",1,Personal income (thousands of dollars),806758,778893,873047,973928,1017223,1035067,1132811,1178298,1176782,1213411,1304668
"Morgan, CO",2,Population (persons) 1/,27701,28099,28243,28453,28257,28236,28120,28237,28143,28228,28558
"Morgan, CO",3,Per capita personal income (dollars) 2/,29124,27720,30912,34229,35999,36658,40285,41729,41814,42986,45685
"Otero, CO",1,Personal income (thousands of dollars),529093,532139,552539,580873,587501,595484,618704,659927,651444,666082,703911
"Otero, CO",2,Population (persons) 1/,18726,18743,18888,18867,18660,18481,18367,18210,18212,18403,18432
"Otero, CO",3,Per capita personal income (dollars) 2/,28254,28391,29253,30788,31485,32221,33686,36240,35770,36194,38190
"Ouray, CO",1,Personal income (thousands of dollars),191579,183775,172261,182526,197931,217494,235271,248761,265491,269366,288235
"Ouray, CO",2,Population (persons) 1/,4405,4395,4456,4423,4506,4552,4574,4607,4788,4809,4833
"Ouray, CO",3,Per capita personal income (dollars) 2/,43491,41815,38658,41267,43926,47780,51437,53996,55449,56013,59639
"Park, CO",1,Personal income (thousands of dollars),560187,529786,523809,556766,575262,592098,619076,667319,717587,775573,837121
"Park, CO",2,Population (persons) 1/,16394,16098,16280,16055,16048,16184,16384,16736,17362,17920,18556
"Park, CO",3,Per capita personal income (dollars) 2/,34170,32910,32175,34679,35846,36585,37785,39873,41331,43280,45113
"Phillips, CO",1,Personal income (thousands of dollars),146281,152480,163629,192367,184538,183484,188482,179437,188772,183284,190292
"Phillips, CO",2,Population (persons) 1/,4349,4359,4470,4400,4416,4385,4395,4329,4283,4297,4286
"Phillips, CO",3,Per capita personal income (dollars) 2/,33636,34981,36606,43720,41788,41844,42886,41450,44075,42654,44399
"Pitkin, CO",1,Personal income (thousands of dollars),1992677,1562976,1588177,1640545,1951363,1803962,2244311,2353076,2450079,2483273,2678258
"Pitkin, CO",2,Population (persons) 1/,16454,17008,17160,17175,17299,17469,17726,17948,17967,17952,17950
"Pitkin, CO",3,Per capita personal income (dollars) 2/,121106,91897,92551,95519,112802,103266,126611,131105,136366,138328,149207
"Prowers, CO",1,Personal income (thousands of dollars),375535,392271,409120,424864,445709,473162,463706,497681,490179,483646,514038
"Prowers, CO",2,Population (persons) 1/,12663,12593,12575,12529,12450,12345,12089,11971,11967,12071,12164
"Prowers, CO",3,Per capita personal income (dollars) 2/,29656,31150,32534,33910,35800,38328,38358,41574,40961,40067,42259
"Pueblo, CO",1,Personal income (thousands of dollars),4492272,4539445,4721180,4931525,5090276,5164653,5479349,5796021,5973221,6247636,6619192
"Pueblo, CO",2,Population (persons) 1/,156748,157846,159466,160248,160810,161145,161480,163111,164877,166426,167529
"Pueblo, CO",3,Per capita personal income (dollars) 2/,28659,28759,29606,30774,31654,32050,33932,35534,36228,37540,39511
"Rio Blanco, CO",1,Personal income (thousands of dollars),268114,257687,259131,278897,280748,296464,306315,297738,276412,283154,296584
"Rio Blanco, CO",2,Population (persons) 1/,6522,6779,6675,6782,6808,6747,6625,6503,6469,6394,6336
"Rio Blanco, CO",3,Per capita personal income (dollars) 2/,41109,38013,38821,41123,41238,43940,46236,45785,42729,44284,46809
"Rio Grande, CO",1,Personal income (thousands of dollars),372511,379529,380776,411311,415985,425201,444009,491350,493428,493047,525570
"Rio Grande, CO",2,Population (persons) 1/,11860,11872,12023,11914,11867,11679,11508,11356,11337,11306,11250
"Rio Grande, CO",3,Per capita personal income (dollars) 2/,31409,31968,31671,34523,35054,36407,38583,43268,43524,43609,46717
"Routt, CO",1,Personal income (thousands of dollars),1210578,1154181,1201883,1403202,1410590,1420842,1572995,1699274,1720917,1983395,2153906
"Routt, CO",2,Population (persons) 1/,23135,23688,23448,23264,23285,23612,24083,24422,24787,25346,25733
"Routt, CO",3,Per capita personal income (dollars) 2/,52327,48724,51257,60316,60579,60175,65316,69580,69428,78253,83702
"Saguache, CO",1,Personal income (thousands of dollars),157277,153283,156148,173911,165886,164891,173038,195763,194509,191621,206468
"Saguache, CO",2,Population (persons) 1/,6179,6134,6136,6187,6331,6242,6198,6251,6406,6643,6843
"Saguache, CO",3,Per capita personal income (dollars) 2/,25453,24989,25448,28109,26202,26416,27918,31317,30364,28846,30172
"San Juan, CO",1,Personal income (thousands of dollars),28560,25813,23665,27481,31436,38577,36349,40202,32134,32151,33550
"San Juan, CO",2,Population (persons) 1/,670,657,708,690,692,691,711,688,689,711,762
"San Juan, CO",3,Per capita personal income (dollars) 2/,42627,39289,33425,39828,45428,55828,51124,58433,46639,45219,44029
"San Miguel, CO",1,Personal income (thousands of dollars),392695,375356,358306,381518,402801,474026,568987,621753,603838,646565,699770
"San Miguel, CO",2,Population (persons) 1/,7366,7379,7357,7486,7581,7622,7740,7840,8023,8047,8191
"San Miguel, CO",3,Per capita personal income (dollars) 2/,53312,50868,48703,50964,53133,62192,73513,79305,75263,80349,85432
"Sedgwick, CO",1,Personal income (thousands of dollars),97523,88376,97882,111814,115990,120693,126836,121488,115778,113503,112857
"Sedgwick, CO",2,Population (persons) 1/,2421,2392,2371,2371,2377,2339,2333,2375,2405,2334,2303
"Sedgwick, CO",3,Per capita personal income (dollars) 2/,40282,36946,41283,47159,48797,51600,54366,51153,48141,48630,49004
"Summit, CO",1,Personal income (thousands of dollars),1281286,1147944,1210116,1294332,1370008,1477753,1629737,1777923,1872263,1971898,2101140
"Summit, CO",2,Population (persons) 1/,27144,27678,28077,28046,28307,28738,29330,30126,30676,31004,31007
"Summit, CO",3,Per capita personal income (dollars) 2/,47203,41475,43100,46150,48398,51422,55566,59016,61033,63601,67763
"Teller, CO",1,Personal income (thousands of dollars),870701,884720,909235,962276,984333,988933,1030450,1074238,1107015,1162030,1233999
"Teller, CO",2,Population (persons) 1/,22725,22937,23469,23366,23442,23354,23430,23377,24036,24638,25083
"Teller, CO",3,Per capita personal income (dollars) 2/,38315,38572,38742,41183,41990,42345,43980,45953,46057,47164,49197
"Washington, CO",1,Personal income (thousands of dollars),139651,156165,171608,194208,190102,196745,208646,197605,194068,187917,219367
"Washington, CO",2,Population (persons) 1/,4792,4800,4821,4762,4700,4742,4732,4786,4836,4936,4909
"Washington, CO",3,Per capita personal income (dollars) 2/,29143,32534,35596,40783,40447,41490,44093,41288,40130,38071,44687
"Weld, CO*",1,Personal income (thousands of dollars),8219182,8084319,8412326,9073250,9796051,10480379,11688971,12486367,12869939,13484839,14512128
"Weld, CO*",2,Population (persons) 1/,243442,248193,254198,258783,264058,270126,276037,285033,294965,305274,314305
"Weld, CO*",3,Per capita personal income (dollars) 2/,33762,32573,33094,35061,37098,38798,42346,43807,43632,44173,46172
"Yuma, CO",1,Personal income (thousands of dollars),399137,340032,394675,454915,505736,508949,537201,551433,526757,501370,504644
"Yuma, CO",2,Population (persons) 1/,9843,10022,10049,10134,10103,10135,10182,10050,10080,10015,10020
"Yuma, CO",3,Per capita personal income (dollars) 2/,40550,33929,39275,44890,50058,50217,52760,54869,52258,50062,50364
"Accomack, VA",1,Personal income (thousands of dollars),1089135,1092338,1114647,1131424,1185059,1192333,1234064,1281707,1288081,1325930,1386063
"Accomack, VA",2,Population (persons) 1/,33970,33415,33147,33221,33264,32966,32970,32910,32850,32566,32412
"Accomack, VA",3,Per capita personal income (dollars) 2/,32062,32690,33627,34057,35626,36169,37430,38946,39211,40715,42764
"Amelia, VA",1,Personal income (thousands of dollars),418772,404473,427673,437706,460323,494560,511085,539074,542679,558329,582640
"Amelia, VA",2,Population (persons) 1/,12563,12594,12746,12752,12747,12659,12716,12782,12793,12965,13013
"Amelia, VA",3,Per capita personal income (dollars) 2/,33334,32116,33554,34324,36112,39068,40192,42174,42420,43064,44774
"Amherst, VA",1,Personal income (thousands of dollars),962070,964859,968549,996085,1026268,1017507,1061049,1092975,1105282,1132008,1176695
"Amherst, VA",2,Population (persons) 1/,32510,32447,32388,32149,32628,32316,32158,31832,31889,31863,31666
"Amherst, VA",3,Per capita personal income (dollars) 2/,29593,29736,29905,30983,31454,31486,32995,34336,34660,35527,37160
"Appomattox, VA",1,Personal income (thousands of dollars),453196,460631,464353,480608,484389,496479,518636,550805,557406,576654,606746
"Appomattox, VA",2,Population (persons) 1/,14795,14812,15099,15108,15245,15320,15348,15485,15512,15701,15841
"Appomattox, VA",3,Per capita personal income (dollars) 2/,30632,31099,30754,31811,31774,32407,33792,35570,35934,36727,38302
"Arlington, VA",1,Personal income (thousands of dollars),15248499,15102970,16657883,17874216,18725715,18008788,19000758,19861847,20314026,21370953,22611442
"Arlington, VA",2,Population (persons) 1/,196305,202637,209287,215972,221463,224938,226043,228746,231582,235121,237521
"Arlington, VA",3,Per capita personal income (dollars) 2/,77678,74532,79593,82762,84555,80061,84058,86829,87719,90893,95198
"Bath, VA",1,Personal income (thousands of dollars),179091,170769,182742,206447,232560,215560,226762,243786,249822,257281,264509
"Bath, VA",2,Population (persons) 1/,4778,4743,4721,4655,4642,4592,4535,4456,4399,4285,4292
"Bath, VA",3,Per capita personal income (dollars) 2/,37482,36004,38708,44350,50099,46943,50003,54710,56791,60042,61628
"Bedford, VA*",1,Personal income (thousands of dollars),2691743,2685089,2721210,2844042,2982142,3010686,3143770,3312480,3336824,3489643,3678030
"Bedford, VA*",2,Population (persons) 1/,73744,74573,75045,75557,75759,76187,77046,77598,77911,78239,78747
"Bedford, VA*",3,Per capita personal income (dollars) 2/,36501,36006,36261,37641,39364,39517,40804,42688,42829,44602,46707
"Bland, VA",1,Personal income (thousands of dollars),185608,189283,190206,204021,207433,207788,208159,217204,215791,224389,234863
"Bland, VA",2,Population (persons) 1/,6921,6868,6799,6774,6694,6674,6585,6534,6472,6351,6293
"Bland, VA",3,Per capita personal income (dollars) 2/,26818,27560,27976,30118,30988,31134,31611,33242,33342,35331,37321
"Botetourt, VA",1,Personal income (thousands of dollars),1326224,1292500,1305705,1368515,1419658,1434129,1492412,1565813,1575058,1602913,1672975
"Botetourt, VA",2,Population (persons) 1/,32955,33042,33197,32999,33120,32991,33077,33344,33177,33236,33277
"Botetourt, VA",3,Per capita personal income (dollars) 2/,40243,39117,39332,41471,42864,43470,45119,46959,47474,48228,50274
"Brunswick, VA",1,Personal income (thousands of dollars),463575,469255,463660,469928,475680,476124,486889,511983,515255,525942,535459
"Brunswick, VA",2,Population (persons) 1/,17791,17507,17402,17126,17032,16984,16826,16856,16642,16616,16384
"Brunswick, VA",3,Per capita personal income (dollars) 2/,26057,26804,26644,27439,27929,28034,28937,30374,30961,31653,32682
"Buchanan, VA",1,Personal income (thousands of dollars),714650,706805,722844,765504,772296,744324,741618,726602,699824,740660,768811
"Buchanan, VA",2,Population (persons) 1/,24371,24234,24082,23817,23816,23618,23144,22705,22118,21500,21221
"Buchanan, VA",3,Per capita personal income (dollars) 2/,29324,29166,30016,32141,32428,31515,32044,32002,31640,34449,36229
"Buckingham, VA",1,Personal income (thousands of dollars),397031,398506,409979,425589,435110,442067,456445,481177,483784,501441,521940
"Buckingham, VA",2,Population (persons) 1/,16819,17148,17091,17209,17067,17156,16935,17016,17042,17027,16999
"Buckingham, VA",3,Per capita personal income (dollars) 2/,23606,23239,23988,24731,25494,25767,26953,28278,28388,29450,30704
"Caroline, VA",1,Personal income (thousands of dollars),939350,945519,965208,998931,1032242,1062314,1105997,1243852,1182643,1235712,1285673
"Caroline, VA",2,Population (persons) 1/,28011,28263,28641,28676,28954,29256,29749,29891,30073,30433,30772
"Caroline, VA",3,Per capita personal income (dollars) 2/,33535,33454,33700,34835,35651,36311,37178,41613,39326,40604,41781
"Charles City, VA",1,Personal income (thousands of dollars),238453,236023,240183,253784,263226,270339,276957,290074,295831,304502,318063
"Charles City, VA",2,Population (persons) 1/,7232,7216,7259,7204,7126,7071,6975,7040,7019,7000,6941
"Charles City, VA",3,Per capita personal income (dollars) 2/,32972,32708,33088,35228,36939,38232,39707,41204,42147,43500,45824
"Charlotte, VA",1,Personal income (thousands of dollars),339227,337828,342328,352303,360912,370998,375250,404413,410350,416942,429409
"Charlotte, VA",2,Population (persons) 1/,12654,12588,12562,12492,12395,12277,12176,12172,12108,12082,11938
"Charlotte, VA",3,Per capita personal income (dollars) 2/,26808,26837,27251,28202,29118,30219,30819,33225,33891,34509,35970
"Chesterfield, VA",1,Personal income (thousands of dollars),13516037,13148412,13421887,14027771,14827389,15032919,15609613,16600141,17038449,17852706,18715686
"Chesterfield, VA",2,Population (persons) 1/,309837,313096,317195,320279,323878,327639,332148,334955,338414,343163,348556
"Chesterfield, VA",3,Per capita personal income (dollars) 2/,43623,41995,42314,43799,45781,45883,46996,49559,50348,52024,53695
"Clarke, VA",1,Personal income (thousands of dollars),685904,696154,705423,740449,765137,767639,796241,844961,892468,917758,974655
"Clarke, VA",2,Population (persons) 1/,14092,14015,14011,14187,14243,14250,14314,14242,14296,14449,14523
"Clarke, VA",3,Per capita personal income (dollars) 2/,48673,49672,50348,52192,53720,53869,55627,59329,62428,63517,67111
"Craig, VA",1,Personal income (thousands of dollars),151144,147685,154228,159454,169051,171645,175142,185938,179018,185935,193369
"Craig, VA",2,Population (persons) 1/,5167,5120,5198,5169,5138,5138,5176,5138,5122,5065,5064
"Craig, VA",3,Per capita personal income (dollars) 2/,29252,28845,29671,30848,32902,33407,33837,36189,34951,36710,38185
"Culpeper, VA",1,Personal income (thousands of dollars),1669697,1668328,1720105,1834525,1919495,1923302,1991530,2098696,2192306,2278571,2411983
"Culpeper, VA",2,Population (persons) 1/,46056,46236,46839,47343,47845,48611,49248,49553,50324,51267,51859
"Culpeper, VA",3,Per capita personal income (dollars) 2/,36254,36083,36724,38750,40119,39565,40439,42353,43564,44445,46510
"Cumberland, VA",1,Personal income (thousands of dollars),271187,273072,280492,289941,304265,314631,332010,345405,349944,367568,379587
"Cumberland, VA",2,Population (persons) 1/,9849,10013,10028,9982,9839,9846,9838,9746,9723,9813,9809
"Cumberland, VA",3,Per capita personal income (dollars) 2/,27534,27272,27971,29046,30924,31955,33748,35441,35991,37457,38698
"Dickenson, VA",1,Personal income (thousands of dollars),415540,427684,452602,455995,446779,443025,444869,456100,444451,456740,469883
"Dickenson, VA",2,Population (persons) 1/,16078,15925,15847,15776,15706,15525,15344,15202,15008,14721,14523
"Dickenson, VA",3,Per capita personal income (dollars) 2/,25845,26856,28561,28904,28446,28536,28993,30003,29614,31026,32354
"Essex, VA",1,Personal income (thousands of dollars),372314,369270,369711,386891,396409,406100,414536,428736,432432,448379,462250
"Essex, VA",2,Population (persons) 1/,10920,11104,11146,11167,11132,11157,11067,11097,11086,11011,10919
"Essex, VA",3,Per capita personal income (dollars) 2/,34095,33256,33170,34646,35610,36399,37457,38635,39007,40721,42334
"Fauquier, VA",1,Personal income (thousands of dollars),3581374,3451681,3624697,3842519,4108761,4002039,4126524,4383484,4478992,4694878,5002860
"Fauquier, VA",2,Population (persons) 1/,64558,64907,65447,66035,66565,67146,68132,68431,68810,69528,70675
"Fauquier, VA",3,Per capita personal income (dollars) 2/,55475,53179,55384,58189,61726,59602,60567,64057,65092,67525,70787
"Floyd, VA",1,Personal income (thousands of dollars),437999,443081,457663,479835,504274,503168,526463,553150,563686,579998,614471
"Floyd, VA",2,Population (persons) 1/,15101,15150,15366,15399,15432,15483,15527,15548,15675,15785,15795
"Floyd, VA",3,Per capita personal income (dollars) 2/,29005,29246,29784,31160,32677,32498,33906,35577,35961,36744,38903
"Fluvanna, VA",1,Personal income (thousands of dollars),881220,872687,888188,929142,954796,964136,995693,1060235,1081127,1131402,1197011
"Fluvanna, VA",2,Population (persons) 1/,25461,25576,25792,25958,25885,25825,25970,26111,26129,26417,26783
"Fluvanna, VA",3,Per capita personal income (dollars) 2/,34611,34121,34437,35794,36886,37333,38340,40605,41377,42829,44693
"Franklin, VA",1,Personal income (thousands of dollars),1746781,1732360,1765825,1882341,1937917,1924977,2008750,2120498,2142691,2196944,2291672
"Franklin, VA",2,Population (persons) 1/,55284,55732,56186,56341,56294,56275,56268,56227,56148,56326,56195
"Franklin, VA",3,Per capita personal income (dollars) 2/,31597,31084,31428,33410,34425,34207,35700,37713,38161,39004,40781
"Giles, VA",1,Personal income (thousands of dollars),521058,522215,542149,559444,578765,582602,603924,619426,626048,640555,675725
"Giles, VA",2,Population (persons) 1/,17168,17264,17316,17149,17021,16987,16849,16767,16838,16771,16844
"Giles, VA",3,Per capita personal income (dollars) 2/,30351,30249,31309,32623,34003,34297,35843,36943,37181,38194,40117
"Gloucester, VA",1,Personal income (thousands of dollars),1473053,1474485,1467059,1522586,1576492,1557231,1608484,1686317,1728245,1796240,1886194
"Gloucester, VA",2,Population (persons) 1/,36638,36778,36940,36885,36835,36768,37024,37007,37114,37309,37349
"Gloucester, VA",3,Per capita personal income (dollars) 2/,40206,40091,39715,41279,42799,42353,43444,45568,46566,48145,50502
"Goochland, VA",1,Personal income (thousands of dollars),1481539,1418818,1490378,1642313,1756203,1704957,1813279,1983429,2024568,2191590,2337061
"Goochland, VA",2,Population (persons) 1/,21285,21604,21746,21374,21278,21570,21854,22159,22462,22691,23244
"Goochland, VA",3,Per capita personal income (dollars) 2/,69605,65674,68536,76837,82536,79043,82972,89509,90133,96584,100545
"Grayson, VA",1,Personal income (thousands of dollars),414612,410205,421521,430981,432103,436413,459194,477105,487388,494112,516020
"Grayson, VA",2,Population (persons) 1/,15938,15696,15498,15366,15144,15131,15922,15956,15868,15677,15631
"Grayson, VA",3,Per capita personal income (dollars) 2/,26014,26134,27198,28048,28533,28842,28840,29901,30715,31518,33013
"Greene, VA",1,Personal income (thousands of dollars),589112,595009,624099,655826,686511,690918,731403,775071,799788,833971,877858
"Greene, VA",2,Population (persons) 1/,18131,18237,18458,18665,18803,18847,19104,19186,19335,19648,19779
"Greene, VA",3,Per capita personal income (dollars) 2/,32492,32626,33812,35137,36511,36659,38285,40398,41365,42446,44383
"Halifax, VA",1,Personal income (thousands of dollars),1028097,1032583,1055854,1060690,1096732,1101256,1141467,1182977,1205544,1228334,1273653
"Halifax, VA",2,Population (persons) 1/,36347,36293,36188,35979,35719,35372,35190,35082,34970,34532,34120
"Halifax, VA",3,Per capita personal income (dollars) 2/,28286,28451,29177,29481,30704,31134,32437,33720,34474,35571,37329
"Hanover, VA",1,Personal income (thousands of dollars),4504675,4339753,4434718,4686635,4885375,4957473,5299073,5714014,5923419,6156881,6462126
"Hanover, VA",2,Population (persons) 1/,99404,99651,99899,99898,100337,101069,101730,103078,104348,105850,107239
"Hanover, VA",3,Per capita personal income (dollars) 2/,45317,43550,44392,46914,48690,49050,52090,55434,56766,58166,60259
"Henrico, VA",1,Personal income (thousands of dollars),14398236,13705280,14411539,15569365,16755223,17144560,18454924,19456939,19984925,21053607,22006480
"Henrico, VA",2,Population (persons) 1/,300198,304763,307307,310460,315636,318702,321924,324289,325589,327148,329261
"Henrico, VA",3,Per capita personal income (dollars) 2/,47962,44970,46896,50149,53084,53795,57327,59999,61381,64355,66836
"Highland, VA",1,Personal income (thousands of dollars),75309,75307,75921,83870,86722,87503,95457,95961,93869,96014,101909
"Highland, VA",2,Population (persons) 1/,2403,2363,2297,2260,2234,2205,2238,2196,2209,2217,2210
"Highland, VA",3,Per capita personal income (dollars) 2/,31340,31869,33052,37111,38819,39684,42653,43698,42494,43308,46113
"Isle of Wight, VA",1,Personal income (thousands of dollars),1553068,1567333,1599186,1660428,1707048,1728130,1756527,1843820,1876638,1940014,2043800
"Isle of Wight, VA",2,Population (persons) 1/,34955,35270,35313,35288,35337,35521,35860,36155,36319,36571,36953
"Isle of Wight, VA",3,Per capita personal income (dollars) 2/,44430,44438,45286,47054,48308,48651,48983,50998,51671,53048,55308
"King and Queen, VA",1,Personal income (thousands of dollars),228693,230981,232979,243401,242337,252323,258175,273805,280344,290360,305349
"King and Queen, VA",2,Population (persons) 1/,6916,6893,6978,6988,7010,7031,7085,7086,7049,7000,7042
"King and Queen, VA",3,Per capita personal income (dollars) 2/,33067,33510,33388,34831,34570,35887,36440,38640,39771,41480,43361
"King George, VA",1,Personal income (thousands of dollars),986761,1002303,1056647,1099582,1142649,1172596,1217219,1337441,1294914,1342746,1408472
"King George, VA",2,Population (persons) 1/,22996,23335,23696,24273,24606,24900,25262,25399,25910,26302,26575
"King George, VA",3,Per capita personal income (dollars) 2/,42910,42953,44592,45301,46438,47092,48184,52657,49977,51051,53000
"King William, VA",1,Personal income (thousands of dollars),598026,575192,581483,599995,629459,640157,624955,670456,718202,753983,789561
"King William, VA",2,Population (persons) 1/,15604,15768,15999,16015,15977,16092,16150,16285,16408,16705,16939
"King William, VA",3,Per capita personal income (dollars) 2/,38325,36478,36345,37465,39398,39781,38697,41170,43771,45135,46612
"Lancaster, VA",1,Personal income (thousands of dollars),528217,493918,496378,516200,536160,527273,540236,568965,582192,613010,648619
"Lancaster, VA",2,Population (persons) 1/,11481,11403,11362,11274,11124,10959,10862,10825,10769,10779,10783
"Lancaster, VA",3,Per capita personal income (dollars) 2/,46008,43315,43688,45787,48198,48113,49736,52560,54062,56871,60152
"Lee, VA",1,Personal income (thousands of dollars),637366,649980,667526,693782,680695,664641,661378,680363,678523,693263,713366
"Lee, VA",2,Population (persons) 1/,25463,25578,25598,25532,25420,25070,24716,24550,24066,23795,23541
"Lee, VA",3,Per capita personal income (dollars) 2/,25031,25412,26077,27173,26778,26511,26759,27713,28194,29135,30303
"Loudoun, VA",1,Personal income (thousands of dollars),18418127,18651692,19977339,21656370,23134171,23456669,24739279,26464381,28256919,29726365,31762679
"Loudoun, VA",2,Population (persons) 1/,292570,303661,315479,326319,337881,349978,362290,374054,385524,396995,406850
"Loudoun, VA",3,Per capita personal income (dollars) 2/,62953,61423,63324,66366,68468,67023,68286,70750,73295,74878,78070
"Louisa, VA",1,Personal income (thousands of dollars),1146163,1125342,1158749,1176342,1200566,1202755,1265230,1355914,1391693,1475759,1562180
"Louisa, VA",2,Population (persons) 1/,32475,32840,33309,33461,33493,33988,34314,34615,35306,35885,36778
"Louisa, VA",3,Per capita personal income (dollars) 2/,35294,34267,34788,35156,35845,35388,36872,39171,39418,41125,42476
"Lunenburg, VA",1,Personal income (thousands of dollars),322675,328324,333264,349727,350606,353654,372930,379562,389629,393940,407963
"Lunenburg, VA",2,Population (persons) 1/,12936,12887,12910,12910,12639,12531,12481,12329,12263,12231,12086
"Lunenburg, VA",3,Per capita personal income (dollars) 2/,24944,25477,25814,27090,27740,28222,29880,30786,31773,32208,33755
"Madison, VA",1,Personal income (thousands of dollars),438519,430738,449836,489452,544438,561900,602464,620834,635213,616616,649082
"Madison, VA",2,Population (persons) 1/,13332,13358,13303,13142,13135,13092,13034,13046,13076,13245,13295
"Madison, VA",3,Per capita personal income (dollars) 2/,32892,32246,33815,37243,41449,42919,46222,47588,48579,46555,48822
"Mathews, VA",1,Personal income (thousands of dollars),410581,403235,393798,412852,425406,417432,435422,454988,455064,468188,493683
"Mathews, VA",2,Population (persons) 1/,9041,8997,8974,8944,8911,8899,8814,8844,8789,8731,8802
"Mathews, VA",3,Per capita personal income (dollars) 2/,45413,44819,43882,46160,47739,46908,49401,51446,51777,53624,56088
"Mecklenburg, VA",1,Personal income (thousands of dollars),919192,934948,949661,980520,1006745,998018,1018003,1060907,1068387,1098386,1141407
"Mecklenburg, VA",2,Population (persons) 1/,32920,32815,32715,32562,31695,31247,31112,30933,30827,30712,30650
"Mecklenburg, VA",3,Per capita personal income (dollars) 2/,27922,28491,29028,30112,31764,31940,32721,34297,34658,35764,37240
"Middlesex, VA",1,Personal income (thousands of dollars),423385,413069,422920,440141,458710,446299,454009,486558,496562,524168,551513
"Middlesex, VA",2,Population (persons) 1/,10806,10875,10979,10851,10848,10777,10653,10683,10751,10643,10769
"Middlesex, VA",3,Per capita personal income (dollars) 2/,39181,37983,38521,40562,42285,41412,42618,45545,46188,49250,51213
"Nelson, VA",1,Personal income (thousands of dollars),538934,541574,553690,590037,623194,630804,642353,679635,700226,714967,752436
"Nelson, VA",2,Population (persons) 1/,15050,15090,14978,15018,14801,14799,14865,14757,14800,14804,14836
"Nelson, VA",3,Per capita personal income (dollars) 2/,35810,35890,36967,39289,42105,42625,43212,46055,47313,48296,50717
"New Kent, VA",1,Personal income (thousands of dollars),895960,953532,1015451,1087447,1158775,1220765,1299380,1377355,1369384,1491268,1584005
"New Kent, VA",2,Population (persons) 1/,17728,18057,18543,18762,19147,19514,20017,20382,21025,21698,22391
"New Kent, VA",3,Per capita personal income (dollars) 2/,50539,52807,54762,57960,60520,62558,64914,67577,65131,68728,70743
"Northampton, VA",1,Personal income (thousands of dollars),444806,452415,435945,461575,485034,480076,488376,518415,532582,545499,578691
"Northampton, VA",2,Population (persons) 1/,12586,12460,12409,12409,12217,12036,12045,12095,12021,11887,11735
"Northampton, VA",3,Per capita personal income (dollars) 2/,35341,36309,35131,37197,39702,39887,40546,42862,44304,45890,49313
"Northumberland, VA",1,Personal income (thousands of dollars),453666,445437,451244,490706,519632,517368,547599,566103,583039,602826,643141
"Northumberland, VA",2,Population (persons) 1/,12496,12379,12355,12450,12421,12296,12254,12246,12193,12277,12147
"Northumberland, VA",3,Per capita personal income (dollars) 2/,36305,35983,36523,39414,41835,42076,44687,46228,47818,49102,52946
"Nottoway, VA",1,Personal income (thousands of dollars),474376,465262,461543,471618,467798,460846,480080,506557,510001,518480,538117
"Nottoway, VA",2,Population (persons) 1/,15847,15894,15829,15878,15752,15635,15505,15606,15501,15467,15420
"Nottoway, VA",3,Per capita personal income (dollars) 2/,29935,29273,29158,29703,29698,29475,30963,32459,32901,33522,34897
"Orange, VA",1,Personal income (thousands of dollars),1210592,1228562,1267304,1336731,1430354,1452023,1501512,1586043,1626573,1685366,1795932
"Orange, VA",2,Population (persons) 1/,33077,33329,33580,33992,34276,34621,34922,35183,35381,35931,36644
"Orange, VA",3,Per capita personal income (dollars) 2/,36599,36862,37740,39325,41730,41941,42996,45080,45973,46906,49010
"Page, VA",1,Personal income (thousands of dollars),711916,707228,735365,762245,770935,773685,810739,848071,863147,889658,936004
"Page, VA",2,Population (persons) 1/,24208,24076,24066,23955,23842,23724,23785,23660,23610,23755,23933
"Page, VA",3,Per capita personal income (dollars) 2/,29408,29375,30556,31820,32335,32612,34086,35844,36559,37451,39109
"Patrick, VA",1,Personal income (thousands of dollars),478963,478018,490585,507613,526197,524266,546595,567515,567576,582327,602124
"Patrick, VA",2,Population (persons) 1/,18677,18562,18469,18333,18333,18249,18176,17953,17783,17708,17673
"Patrick, VA",3,Per capita personal income (dollars) 2/,25645,25753,26563,27688,28702,28728,30072,31611,31917,32885,34070
"Powhatan, VA",1,Personal income (thousands of dollars),1119094,1084336,1108317,1156591,1232412,1248662,1320346,1413317,1491226,1569818,1652313
"Powhatan, VA",2,Population (persons) 1/,27745,27983,28120,28122,28171,28294,28488,28056,28444,28691,29189
"Powhatan, VA",3,Per capita personal income (dollars) 2/,40335,38750,39414,41128,43748,44132,46347,50375,52427,54715,56607
"Prince Edward, VA",1,Personal income (thousands of dollars),548638,552662,568937,581275,606459,606528,630076,663247,677052,703479,731872
"Prince Edward, VA",2,Population (persons) 1/,22959,23260,23354,22310,23166,22713,22976,23120,23026,22708,22950
"Prince Edward, VA",3,Per capita personal income (dollars) 2/,23896,23760,24361,26054,26179,26704,27423,28687,29404,30979,31890
"Pulaski, VA",1,Personal income (thousands of dollars),1059942,1041436,1066257,1126984,1184914,1177479,1223414,1284278,1285468,1312516,1377715
"Pulaski, VA",2,Population (persons) 1/,35051,34988,34830,34737,34733,34547,34342,34341,34225,34194,34066
"Pulaski, VA",3,Per capita personal income (dollars) 2/,30240,29766,30613,32443,34115,34083,35624,37398,37559,38384,40443
"Rappahannock, VA",1,Personal income (thousands of dollars),377436,361170,366624,391660,406703,408393,413829,427568,435119,451778,475281
"Rappahannock, VA",2,Population (persons) 1/,7420,7333,7497,7472,7406,7424,7333,7390,7352,7333,7252
"Rappahannock, VA",3,Per capita personal income (dollars) 2/,50867,49253,48903,52417,54915,55010,56434,57858,59184,61609,65538
"Richmond, VA",1,Personal income (thousands of dollars),249186,246776,247399,258763,270419,274751,284569,297721,306329,316910,332585
"Richmond, VA",2,Population (persons) 1/,9386,9251,9280,9208,9081,8952,8884,8783,8759,8925,9038
"Richmond, VA",3,Per capita personal income (dollars) 2/,26549,26676,26659,28102,29779,30692,32032,33897,34973,35508,36799
"Russell, VA",1,Personal income (thousands of dollars),810138,823455,842509,867293,863239,829423,839923,861887,851344,864963,896014
"Russell, VA",2,Population (persons) 1/,28831,29012,28857,28660,28403,28312,28054,27824,27385,27027,26748
"Russell, VA",3,Per capita personal income (dollars) 2/,28100,28383,29196,30261,30393,29296,29940,30976,31088,32004,33498
"Scott, VA",1,Personal income (thousands of dollars),621285,609689,626907,665950,666915,655637,670972,690590,694494,702168,727191
"Scott, VA",2,Population (persons) 1/,23237,23212,23129,23055,22955,22768,22518,22244,21980,21767,21534
"Scott, VA",3,Per capita personal income (dollars) 2/,26737,26266,27105,28885,29053,28796,29797,31046,31597,32258,33769
"Shenandoah, VA",1,Personal income (thousands of dollars),1383729,1356901,1404909,1477387,1556871,1577787,1681640,1768952,1793399,1858846,1974201
"Shenandoah, VA",2,Population (persons) 1/,41720,41743,42051,42263,42530,42507,42731,42841,42885,43271,43497
"Shenandoah, VA",3,Per capita personal income (dollars) 2/,33167,32506,33410,34957,36606,37118,39354,41291,41819,42958,45387
"Smyth, VA",1,Personal income (thousands of dollars),892932,893189,919492,961175,995380,1017299,1063182,1095285,1101498,1097674,1126100
"Smyth, VA",2,Population (persons) 1/,32386,32283,32198,32044,31895,31773,31571,31411,31121,30722,30472
"Smyth, VA",3,Per capita personal income (dollars) 2/,27572,27667,28557,29995,31208,32018,33676,34869,35394,35729,36955
"Stafford, VA",1,Personal income (thousands of dollars),5595020,5777687,6056398,6383001,6571966,6626553,6821126,7165563,7439124,7771050,8259225
"Stafford, VA",2,Population (persons) 1/,124323,126449,129835,132197,133375,135939,138813,140917,143578,146790,149960
"Stafford, VA",3,Per capita personal income (dollars) 2/,45004,45692,46647,48284,49274,48747,49139,50850,51812,52940,55076
"Surry, VA",1,Personal income (thousands of dollars),236449,237953,235236,241640,244766,243825,256950,274462,264833,279312,300479
"Surry, VA",2,Population (persons) 1/,7061,7037,7044,6921,6838,6787,6780,6670,6553,6522,6474
"Surry, VA",3,Per capita personal income (dollars) 2/,33487,33815,33395,34914,35795,35925,37898,41149,40414,42826,46413
"Sussex, VA",1,Personal income (thousands of dollars),321444,318994,319471,326387,327888,326731,325543,334473,330758,342332,352594
"Sussex, VA",2,Population (persons) 1/,12215,12175,12011,12084,11919,11762,11721,11686,11408,11380,11237
"Sussex, VA",3,Per capita personal income (dollars) 2/,26316,26201,26598,27010,27510,27779,27774,28622,28994,30082,31378
"Tazewell, VA",1,Personal income (thousands of dollars),1409980,1407531,1421273,1486613,1513572,1473824,1481446,1491457,1430216,1524124,1588755
"Tazewell, VA",2,Population (persons) 1/,45020,45069,45127,44735,44273,44023,43386,42904,42108,41146,40855
"Tazewell, VA",3,Per capita personal income (dollars) 2/,31319,31231,31495,33232,34187,33478,34146,34763,33965,37042,38888
"Warren, VA",1,Personal income (thousands of dollars),1351650,1331694,1384726,1471216,1531267,1534899,1578718,1642018,1724304,1767541,1869873
"Warren, VA",2,Population (persons) 1/,37259,37240,37502,37627,37866,38480,40103,38675,39105,39357,40003
"Warren, VA",3,Per capita personal income (dollars) 2/,36277,35760,36924,39100,40439,39888,39367,42457,44094,44910,46743
"Westmoreland, VA",1,Personal income (thousands of dollars),570993,574951,589505,624681,639657,642642,661500,687720,709697,732423,769654
"Westmoreland, VA",2,Population (persons) 1/,17305,17448,17490,17635,17513,17552,17440,17549,17637,17736,17830
"Westmoreland, VA",3,Per capita personal income (dollars) 2/,32996,32952,33705,35423,36525,36614,37930,39189,40239,41296,43166
"Wythe, VA",1,Personal income (thousands of dollars),855971,836116,846030,867658,892270,874055,918226,959625,957022,981565,1023867
"Wythe, VA",2,Population (persons) 1/,29123,29216,29241,29187,29317,29271,29044,29098,28934,28872,28754
"Wythe, VA",3,Per capita personal income (dollars) 2/,29392,28618,28933,29728,30435,29861,31615,32979,33076,33997,35608
"Alexandria (Independent City), VA",1,Personal income (thousands of dollars),9954991,9963806,10784496,11424532,12143013,11711094,12316722,12749013,13027528,13420320,14127927
"Alexandria (Independent City), VA",2,Population (persons) 1/,132949,137523,140740,144220,147314,149674,151431,153863,157045,159654,160530
"Alexandria (Independent City), VA",3,Per capita personal income (dollars) 2/,74878,72452,76627,79216,82429,78244,81336,82860,82954,84059,88008
"Chesapeake (Independent City), VA",1,Personal income (thousands of dollars),8907447,9076504,9412504,9782589,10096319,10140547,10560075,11091931,11269473,11662508,12259962
"Chesapeake (Independent City), VA",2,Population (persons) 1/,218458,220176,223550,225332,228075,230330,233380,235168,237591,240327,242634
"Chesapeake (Independent City), VA",3,Per capita personal income (dollars) 2/,40774,41224,42105,43414,44268,44026,45248,47166,47432,48528,50529
"Hampton (Independent City), VA",1,Personal income (thousands of dollars),4812249,4842917,4939873,5085972,5178607,5213793,5390736,5547694,5516405,5643164,5848977
"Hampton (Independent City), VA",2,Population (persons) 1/,138957,137833,137336,136528,137083,137243,137597,136187,135238,134581,134313
"Hampton (Independent City), VA",3,Per capita personal income (dollars) 2/,34631,35136,35969,37252,37777,37990,39178,40736,40790,41931,43547
"Newport News (Independent City), VA",1,Personal income (thousands of dollars),6247689,6214612,6377452,6728210,6915943,6957450,7089159,7376432,7297927,7478043,7770354
"Newport News (Independent City), VA",2,Population (persons) 1/,181287,181000,180925,180098,180094,181320,181576,180948,180179,179398,178626
"Newport News (Independent City), VA",3,Per capita personal income (dollars) 2/,34463,34335,35249,37359,38402,38371,39042,40765,40504,41684,43501
"Norfolk (Independent City), VA",1,Personal income (thousands of dollars),8745074,8267576,8433362,8666893,9011718,8940341,9264087,9533333,9545101,9823017,10207860
"Norfolk (Independent City), VA",2,Population (persons) 1/,241201,241725,242998,243632,246141,245449,246587,246534,245843,244922,244076
"Norfolk (Independent City), VA",3,Per capita personal income (dollars) 2/,36256,34202,34705,35574,36612,36424,37569,38669,38826,40107,41822
"Portsmouth (Independent City), VA",1,Personal income (thousands of dollars),3189893,3201543,3313180,3461952,3499098,3494966,3568344,3702717,3626959,3748432,3895933
"Portsmouth (Independent City), VA",2,Population (persons) 1/,95802,95384,95445,95726,96467,96071,95826,96308,95094,94693,94632
"Portsmouth (Independent City), VA",3,Per capita personal income (dollars) 2/,33297,33565,34713,36165,36272,36379,37238,38447,38141,39585,41169
"Richmond (Independent City), VA",1,Personal income (thousands of dollars),9350230,8479629,8783791,9532892,10492448,10076028,10638447,11374139,11646094,12287753,12881773
"Richmond (Independent City), VA",2,Population (persons) 1/,202254,203678,204256,206325,210741,213815,217003,220847,225332,226968,228783
"Richmond (Independent City), VA",3,Per capita personal income (dollars) 2/,46230,41633,43004,46203,49788,47125,49024,51502,51684,54139,56306
"Roanoke (Independent City), VA",1,Personal income (thousands of dollars),3417921,3385035,3499883,3648895,3901307,3822694,3942837,4177321,4097717,4158845,4341578
"Roanoke (Independent City), VA",2,Population (persons) 1/,95813,97023,96722,96776,98092,98860,99443,99733,99572,99436,99920
"Roanoke (Independent City), VA",3,Per capita personal income (dollars) 2/,35673,34889,36185,37705,39772,38668,39649,41885,41153,41824,43451
"Suffolk (Independent City), VA",1,Personal income (thousands of dollars),3433711,3465578,3587863,3721748,3895254,3849918,4003205,4248996,4339166,4486948,4723202
"Suffolk (Independent City), VA",2,Population (persons) 1/,82603,83648,84823,84751,85258,85765,86892,88127,89322,90275,91185
"Suffolk (Independent City), VA",3,Per capita personal income (dollars) 2/,41569,41430,42298,43914,45688,44889,46071,48214,48579,49703,51798
"Virginia Beach (Independent City), VA",1,Personal income (thousands of dollars),19409809,19034557,19610064,20612666,21677217,21616547,22768537,23933638,24188253,25076837,26249674
"Virginia Beach (Independent City), VA",2,Population (persons) 1/,433331,435004,438855,442536,445038,447732,448913,450474,451136,449962,450189
"Virginia Beach (Independent City), VA",3,Per capita personal income (dollars) 2/,44792,43757,44685,46579,48709,48280,50719,53130,53616,55731,58308
"Albemarle + Charlottesville, VA*",1,Personal income (thousands of dollars),7167152,6859572,7240429,7657164,8457472,8328130,8935308,9550724,10091356,11027861,11702008
"Albemarle + Charlottesville, VA*",2,Population (persons) 1/,139211,141125,142659,143960,146043,147286,149265,151552,153644,155690,156835
"Albemarle + Charlottesville, VA*",3,Per capita personal income (dollars) 2/,51484,48606,50753,53190,57911,56544,59862,63019,65680,70832,74613
"Alleghany + Covington, VA*",1,Personal income (thousands of dollars),707451,689865,704399,724411,767944,720625,738863,771583,774653,785845,816049
"Alleghany + Covington, VA*",2,Population (persons) 1/,22395,22254,22144,22075,21876,21751,21377,21081,20918,20593,20370
"Alleghany + Covington, VA*",3,Per capita personal income (dollars) 2/,31590,31000,31810,32816,35104,33131,34563,36601,37033,38161,40061
"Augusta, Staunton + Waynesboro, VA*",1,Personal income (thousands of dollars),4173465,4163354,4257939,4362447,4445967,4493340,4721074,4907996,4982187,5199161,5451146
"Augusta, Staunton + Waynesboro, VA*",2,Population (persons) 1/,118420,118593,118311,118760,118455,119116,119479,120070,120857,121984,123007
"Augusta, Staunton + Waynesboro, VA*",3,Per capita personal income (dollars) 2/,35243,35106,35989,36733,37533,37722,39514,40876,41224,42622,44316
"Campbell + Lynchburg, VA*",1,Personal income (thousands of dollars),4067656,4002595,4184085,4381731,4548867,4514576,4720081,4830978,4797970,4944560,5171184
"Campbell + Lynchburg, VA*",2,Population (persons) 1/,128250,129609,130449,131362,132099,133023,133422,134560,135271,136151,137099
"Campbell + Lynchburg, VA*",3,Per capita personal income (dollars) 2/,31717,30882,32074,33356,34435,33938,35377,35902,35469,36317,37719
"Carroll + Galax, VA*",1,Personal income (thousands of dollars),1020018,1032129,1055758,1088149,1102239,1105839,1163893,1217720,1218373,1264873,1298947
"Carroll + Galax, VA*",2,Population (persons) 1/,36955,36968,37065,36938,36773,36846,36611,36648,36324,36234,36059
"Carroll + Galax, VA*",3,Per capita personal income (dollars) 2/,27602,27920,28484,29459,29974,30012,31791,33227,33542,34908,36023
"Dinwiddie, Colonial Heights + Petersburg, VA*",1,Personal income (thousands of dollars),2625840,2619549,2665070,2795772,2844274,2853603,2865815,2960794,2967358,3048653,3144588
"Dinwiddie, Colonial Heights + Petersburg, VA*",2,Population (persons) 1/,77402,77581,77888,77476,77594,77877,77774,77593,77574,77770,77929
"Dinwiddie, Colonial Heights + Petersburg, VA*",3,Per capita personal income (dollars) 2/,33925,33765,34217,36086,36656,36642,36848,38158,38252,39201,40352
"Fairfax, Fairfax City + Falls Church, VA*",1,Personal income (thousands of dollars),73434280,70157341,74063852,79950649,83884084,81931368,86175634,89703010,90673370,92981699,98116827
"Fairfax, Fairfax City + Falls Church, VA*",2,Population (persons) 1/,1077509,1099347,1121176,1138530,1156496,1168622,1173342,1177440,1180846,1185534,1190141
"Fairfax, Fairfax City + Falls Church, VA*",3,Per capita personal income (dollars) 2/,68152,63817,66059,70223,72533,70109,73445,76185,76787,78430,82441
"Frederick + Winchester, VA*",1,Personal income (thousands of dollars),3986298,3898143,4054964,4310936,4545816,4551891,4783540,5081390,5313150,5605878,5916516
"Frederick + Winchester, VA*",2,Population (persons) 1/,102064,103513,104714,106180,107253,108819,110124,110983,112430,114709,116463
"Frederick + Winchester, VA*",3,Per capita personal income (dollars) 2/,39057,37658,38724,40600,42384,41830,43438,45785,47257,48870,50802
"Greensville + Emporia, VA*",1,Personal income (thousands of dollars),469474,465540,459137,477877,473296,476296,487487,500157,510556,540411,542479
"Greensville + Emporia, VA*",2,Population (persons) 1/,18026,18137,18154,17838,17556,17376,17160,17338,16947,17008,16748
"Greensville + Emporia, VA*",3,Per capita personal income (dollars) 2/,26044,25668,25291,26790,26959,27411,28408,28847,30127,31774,32391
"Henry + Martinsville, VA*",1,Personal income (thousands of dollars),2048397,2005818,2070980,2120856,2194645,2185580,2262822,2359709,2381606,2417354,2513794
"Henry + Martinsville, VA*",2,Population (persons) 1/,69113,68414,67892,67135,66594,66159,65547,65189,64631,64219,63855
"Henry + Martinsville, VA*",3,Per capita personal income (dollars) 2/,29638,29319,30504,31591,32956,33035,34522,36198,36849,37642,39367
"James City + Williamsburg, VA*",1,Personal income (thousands of dollars),4153137,4040510,4195064,4469163,4701378,4748758,4999086,5306182,5471433,5662169,6016740
"James City + Williamsburg, VA*",2,Population (persons) 1/,77732,79805,81384,82395,83925,85217,86643,87603,88818,90348,91293
"James City + Williamsburg, VA*",3,Per capita personal income (dollars) 2/,53429,50630,51547,54241,56019,55725,57698,60571,61603,62671,65906
"Montgomery + Radford, VA*",1,Personal income (thousands of dollars),3069254,3130779,3098890,3259065,3419328,3481458,3699749,3919556,4010118,4176221,4430040
"Montgomery + Radford, VA*",2,Population (persons) 1/,109028,110133,110989,111536,112358,113710,114507,114689,115674,115942,117324
"Montgomery + Radford, VA*",3,Per capita personal income (dollars) 2/,28151,28427,27921,29220,30432,30617,32310,34176,34667,36020,37759
"Pittsylvania + Danville, VA*",1,Personal income (thousands of dollars),3007551,3036049,3092807,3211248,3297456,3368432,3501751,3648301,3679683,3784408,3912942
"Pittsylvania + Danville, VA*",2,Population (persons) 1/,107237,106882,106513,105902,105605,105191,104645,103937,103351,102363,101642
"Pittsylvania + Danville, VA*",3,Per capita personal income (dollars) 2/,28046,28406,29037,30323,31224,32022,33463,35101,35604,36970,38497
"Prince George + Hopewell, VA*",1,Personal income (thousands of dollars),1852398,1828972,1883798,1962909,2032897,2051276,2102799,2172141,2193169,2277436,2353062
"Prince George + Hopewell, VA*",2,Population (persons) 1/,57635,58283,58286,59211,59433,59494,59520,60440,60425,60449,60678
"Prince George + Hopewell, VA*",3,Per capita personal income (dollars) 2/,32140,31381,32320,33151,34205,34479,35329,35939,36296,37675,38779
"Prince William, Manassas + Manassas Park, VA*",1,Personal income (thousands of dollars),19579487,20231713,21493837,22871770,23598964,23658239,24587457,25621570,26426685,27420200,28845521
"Prince William, Manassas + Manassas Park, VA*",2,Population (persons) 1/,422378,439288,458850,473263,485373,494844,501030,508816,514601,521738,526959
"Prince William, Manassas + Manassas Park, VA*",3,Per capita personal income (dollars) 2/,46355,46056,46843,48328,48620,47809,49074,50355,51354,52555,54740
"Roanoke + Salem, VA*",1,Personal income (thousands of dollars),4915187,4847436,4915680,5079141,5425504,5316620,5513328,5838528,5861444,5986082,6254966
"Roanoke + Salem, VA*",2,Population (persons) 1/,116377,116899,117290,117821,117898,118615,118798,118763,118809,119425,119716
"Roanoke + Salem, VA*",3,Per capita personal income (dollars) 2/,42235,41467,41910,43109,46019,44822,46409,49161,49335,50124,52248
"Rockbridge, Buena Vista + Lexington, VA*",1,Personal income (thousands of dollars),1147014,1124840,1141899,1193458,1241463,1238800,1313884,1359623,1357330,1409566,1456549
"Rockbridge, Buena Vista + Lexington, VA*",2,Population (persons) 1/,35990,35952,36001,36119,36137,36125,36104,36031,35827,36004,36125
"Rockbridge, Buena Vista + Lexington, VA*",3,Per capita personal income (dollars) 2/,31870,31287,31719,33042,34354,34292,36392,37735,37886,39150,40320
"Rockingham + Harrisonburg, VA*",1,Personal income (thousands of dollars),3710142,3655641,3842746,4058109,4263250,4332197,4593811,4832732,4885998,5163276,5373366
"Rockingham + Harrisonburg, VA*",2,Population (persons) 1/,122361,124144,125398,126782,128451,128972,130443,131208,133024,134220,135277
"Rockingham + Harrisonburg, VA*",3,Per capita personal income (dollars) 2/,30321,29447,30644,32009,33190,33590,35217,36833,36730,38469,39721
"Southampton + Franklin, VA*",1,Personal income (thousands of dollars),838946,835282,822311,884550,946243,949213,963382,985656,1001049,1068337,1084903
"Southampton + Franklin, VA*",2,Population (persons) 1/,27244,27096,27218,27081,26989,26870,26620,26455,26205,25868,25599
"Southampton + Franklin, VA*",3,Per capita personal income (dollars) 2/,30794,30827,30212,32663,35060,35326,36190,37258,38201,41300,42381
"Spotsylvania + Fredericksburg, VA*",1,Personal income (thousands of dollars),5810062,5910881,6121441,6478637,6755422,6779515,7035651,7338379,7580878,7865677,8298207
"Spotsylvania + Fredericksburg, VA*",2,Population (persons) 1/,143472,144813,147325,150266,152984,155204,157058,157998,159650,161318,163382
"Spotsylvania + Fredericksburg, VA*",3,Per capita personal income (dollars) 2/,40496,40817,41551,43114,44158,43681,44797,46446,47484,48759,50790
"Washington + Bristol, VA*",1,Personal income (thousands of dollars),2663865,2527619,2522802,2723292,2936934,2792664,2713900,2701878,2615563,2790624,2899980
"Washington + Bristol, VA*",2,Population (persons) 1/,72106,72564,72733,72518,72788,72168,71803,71378,71114,71065,70884
"Washington + Bristol, VA*",3,Per capita personal income (dollars) 2/,36944,34833,34686,37553,40349,38697,37796,37853,36780,39269,40912
"Wise + Norton, VA*",1,Personal income (thousands of dollars),1247261,1295216,1391079,1436341,1389287,1322265,1334350,1350018,1312806,1342539,1384856
"Wise + Norton, VA*",2,Population (persons) 1/,45350,45357,45598,45549,45043,44775,44044,43572,42973,42503,41980
"Wise + Norton, VA*",3,Per capita personal income (dollars) 2/,27503,28556,30507,31534,30844,29531,30296,30984,30550,31587,32988
"York + Poquoson, VA*",1,Personal income (thousands of dollars),3682660,3626944,3743807,3875164,3983237,4014347,4216349,4339310,4398149,4519462,4731142
"York + Poquoson, VA*",2,Population (persons) 1/,77047,77350,77413,77852,77981,78120,78576,79842,79755,79921,80036
"York + Poquoson, VA*",3,Per capita personal income (dollars) 2/,47798,46890,48361,49776,51080,51387,53660,54349,55146,56549,59113
"Adams, WI",1,Personal income (thousands of dollars),584801,598661,610990,648050,673302,678672,693410,726768,733844,761745,788205
"Adams, WI",2,Population (persons) 1/,21101,20930,20882,20771,20419,20412,20129,20025,19971,19891,20348
"Adams, WI",3,Per capita personal income (dollars) 2/,27714,28603,29259,31200,32974,33249,34448,36293,36745,38296,38736
"Ashland, WI",1,Personal income (thousands of dollars),475235,490212,497819,520375,543414,552543,566639,582307,587886,605646,641260
"Ashland, WI",2,Population (persons) 1/,16145,16128,16143,16025,15839,15971,15998,15809,15638,15513,15600
"Ashland, WI",3,Per capita personal income (dollars) 2/,29435,30395,30838,32473,34309,34597,35419,36834,37593,39041,41106
"Barron, WI",1,Personal income (thousands of dollars),1574317,1623597,1638378,1762037,1926636,1851564,1947220,2030065,2016718,2110140,2232506
"Barron, WI",2,Population (persons) 1/,46009,45876,45810,45877,45767,45570,45343,45357,45233,45164,45164
"Barron, WI",3,Per capita personal income (dollars) 2/,34218,35391,35765,38408,42097,40631,42944,44757,44585,46722,49431
"Bayfield, WI",1,Personal income (thousands of dollars),515179,538432,540004,559513,603367,597308,620807,635370,650882,688005,730170
"Bayfield, WI",2,Population (persons) 1/,15160,14981,15005,15063,15061,15117,14975,14980,14931,15033,15042
"Bayfield, WI",3,Per capita personal income (dollars) 2/,33983,35941,35988,37145,40062,39512,41456,42415,43593,45766,48542
"Brown, WI",1,Personal income (thousands of dollars),9795778,9633582,10022148,10579308,11266415,11370381,11880464,12359402,12577960,13170353,13911922
"Brown, WI",2,Population (persons) 1/,244016,246476,248484,250471,252686,254237,256245,257899,259546,261863,263378
"Brown, WI",3,Per capita personal income (dollars) 2/,40144,39085,40333,42238,44587,44724,46364,47923,48461,50295,52821
"Buffalo, WI",1,Personal income (thousands of dollars),489232,483139,490763,514817,533105,520729,537627,563100,549197,566110,587419
"Buffalo, WI",2,Population (persons) 1/,13734,13618,13550,13438,13342,13364,13230,13241,13132,13107,13125
"Buffalo, WI",3,Per capita personal income (dollars) 2/,35622,35478,36219,38311,39957,38965,40637,42527,41821,43191,44756
"Burnett, WI",1,Personal income (thousands of dollars),469841,472899,502495,530082,545703,555949,570565,600585,605787,632316,657325
"Burnett, WI",2,Population (persons) 1/,15696,15609,15430,15462,15337,15268,15230,15138,15219,15313,15392
"Burnett, WI",3,Per capita personal income (dollars) 2/,29934,30297,32566,34283,35581,36413,37463,39674,39805,41293,42706
"Calumet, WI",1,Personal income (thousands of dollars),1748846,1782986,1829267,1985110,2045938,2075755,2205648,2255589,2321364,2451620,2546873
"Calumet, WI",2,Population (persons) 1/,48014,48457,49031,49607,49640,49637,49472,49812,49600,49994,50159
"Calumet, WI",3,Per capita personal income (dollars) 2/,36424,36795,37308,40017,41216,41819,44584,45282,46802,49038,50776
"Chippewa, WI",1,Personal income (thousands of dollars),2128165,2090067,2206087,2370742,2493943,2492395,2617541,2661777,2677851,2812418,2960619
"Chippewa, WI",2,Population (persons) 1/,61524,61997,62640,62943,63048,63086,63334,63416,63526,63762,64135
"Chippewa, WI",3,Per capita personal income (dollars) 2/,34591,33712,35219,37665,39556,39508,41329,41973,42154,44108,46162
"Clark, WI",1,Personal income (thousands of dollars),953956,944149,1004892,1094081,1171461,1188709,1291842,1294102,1290888,1361654,1396281
"Clark, WI",2,Population (persons) 1/,34644,34589,34683,34680,34440,34535,34354,34349,34475,34569,34709
"Clark, WI",3,Per capita personal income (dollars) 2/,27536,27296,28974,31548,34015,34420,37604,37675,37444,39389,40228
"Columbia, WI",1,Personal income (thousands of dollars),2174199,2109419,2175266,2366729,2430927,2508235,2579881,2613469,2679678,2795231,2933688
"Columbia, WI",2,Population (persons) 1/,56362,56469,56849,56696,56464,56570,56638,56672,56865,57236,57358
"Columbia, WI",3,Per capita personal income (dollars) 2/,38576,37355,38264,41744,43053,44339,45550,46116,47124,48837,51147
"Crawford, WI",1,Personal income (thousands of dollars),481489,486002,517146,548102,562509,585250,613509,625702,636995,653695,675826
"Crawford, WI",2,Population (persons) 1/,16808,16692,16633,16678,16516,16391,16347,16328,16250,16223,16291
"Crawford, WI",3,Per capita personal income (dollars) 2/,28646,29116,31092,32864,34058,35706,37530,38321,39200,40294,41485
"Dane, WI",1,Personal income (thousands of dollars),21632239,21301546,21892670,23552741,24765076,25692411,26928697,28728769,29954302,31413225,33248816
"Dane, WI",2,Population (persons) 1/,477791,484979,489200,495948,502891,509792,516338,522847,530885,536780,542364
"Dane, WI",3,Per capita personal income (dollars) 2/,45276,43923,44752,47490,49245,50398,52153,54947,56423,58522,61304
"Dodge, WI",1,Personal income (thousands of dollars),3085924,3053233,3124063,3269362,3409535,3438342,3593500,3623495,3626699,3756417,3935426
"Dodge, WI",2,Population (persons) 1/,89239,88677,88738,88389,88181,87941,88090,87827,87364,87750,87847
"Dodge, WI",3,Per capita personal income (dollars) 2/,34580,34431,35205,36988,38665,39098,40794,41257,41513,42808,44799
"Door, WI",1,Personal income (thousands of dollars),1180830,1163332,1198230,1256100,1344489,1367249,1440261,1529408,1588539,1656524,1744351
"Door, WI",2,Population (persons) 1/,28023,27919,27750,27764,27534,27606,27466,27307,27331,27480,27610
"Door, WI",3,Per capita personal income (dollars) 2/,42138,41668,43179,45242,48830,49527,52438,56008,58122,60281,63178
"Douglas, WI",1,Personal income (thousands of dollars),1407044,1407373,1464367,1512721,1545028,1569586,1633151,1704758,1709739,1767750,1858131
"Douglas, WI",2,Population (persons) 1/,43830,43998,44134,43953,43748,43755,43641,43483,43351,43327,43208
"Douglas, WI",3,Per capita personal income (dollars) 2/,32102,31987,33180,34417,35317,35872,37422,39205,39439,40800,43004
"Dunn, WI",1,Personal income (thousands of dollars),1326775,1311450,1373977,1483674,1574538,1584951,1619762,1625996,1638428,1708198,1802908
"Dunn, WI",2,Population (persons) 1/,43382,43570,43887,43796,43804,44048,44076,44249,44337,44699,45131
"Dunn, WI",3,Per capita personal income (dollars) 2/,30584,30100,31307,33877,35945,35982,36749,36747,36954,38216,39948
"Eau Claire, WI",1,Personal income (thousands of dollars),3524351,3682001,3792123,3962240,4118833,4160715,4363845,4470832,4505295,4753676,5042772
"Eau Claire, WI",2,Population (persons) 1/,97176,98274,99014,99925,100829,101732,101688,102119,102941,103674,104534
"Eau Claire, WI",3,Per capita personal income (dollars) 2/,36268,37467,38299,39652,40850,40899,42914,43781,43766,45852,48240
"Florence, WI",1,Personal income (thousands of dollars),150859,156146,170189,188282,189347,199563,212025,233374,224661,221650,234827
"Florence, WI",2,Population (persons) 1/,4564,4494,4398,4382,4367,4384,4345,4346,4323,4356,4321
"Florence, WI",3,Per capita personal income (dollars) 2/,33054,34745,38697,42967,43359,45521,48797,53699,51969,50884,54346
"Fond du Lac, WI",1,Personal income (thousands of dollars),3722226,3603965,3743813,3897726,4077064,4076356,4307331,4464175,4532170,4729842,4960128
"Fond du Lac, WI",2,Population (persons) 1/,101122,101370,101581,101811,101785,101792,101986,101951,102201,102371,103066
"Fond du Lac, WI",3,Per capita personal income (dollars) 2/,36809,35553,36855,38284,40056,40046,42235,43787,44346,46203,48126
"Forest, WI",1,Personal income (thousands of dollars),251837,262087,279415,287523,303531,311862,326086,339106,344122,355284,373280
"Forest, WI",2,Population (persons) 1/,9620,9396,9296,9245,9157,9089,9102,9005,9022,8970,8991
"Forest, WI",3,Per capita personal income (dollars) 2/,26178,27893,30058,31100,33147,34312,35826,37658,38143,39608,41517
"Grant, WI",1,Personal income (thousands of dollars),1572682,1595081,1715867,1828697,1915713,1951671,2013311,2070843,2070797,2155034,2232787
"Grant, WI",2,Population (persons) 1/,50834,50916,51233,51172,50867,50992,51681,52085,52014,51806,51554
"Grant, WI",3,Per capita personal income (dollars) 2/,30938,31328,33491,35736,37661,38274,38957,39759,39812,41598,43310
"Green, WI",1,Personal income (thousands of dollars),1456894,1396658,1419766,1532493,1610274,1607141,1682988,1728016,1758869,1806944,1884355
"Green, WI",2,Population (persons) 1/,36598,36672,36861,36852,36759,36932,36856,36918,36770,36847,36929
"Green, WI",3,Per capita personal income (dollars) 2/,39808,38085,38517,41585,43806,43516,45664,46807,47834,49039,51026
"Green Lake, WI",1,Personal income (thousands of dollars),694080,655524,687101,746728,793105,764447,806865,824204,808626,824544,873107
"Green Lake, WI",2,Population (persons) 1/,19102,19056,19022,19060,19003,18887,18759,18712,18613,18785,18918
"Green Lake, WI",3,Per capita personal income (dollars) 2/,36335,34400,36121,39178,41736,40475,43012,44047,43444,43894,46152
"Iowa, WI",1,Personal income (thousands of dollars),825946,818187,853620,914319,956382,977010,1020388,1051091,1051635,1095847,1142733
"Iowa, WI",2,Population (persons) 1/,23701,23595,23693,23582,23579,23559,23585,23591,23438,23714,23771
"Iowa, WI",3,Per capita personal income (dollars) 2/,34849,34676,36028,38772,40561,41471,43264,44555,44869,46211,48073
"Iron, WI",1,Personal income (thousands of dollars),191821,207305,213418,222754,235576,239771,248336,256417,265359,276470,292148
"Iron, WI",2,Population (persons) 1/,6101,5966,5924,5958,5888,5829,5859,5719,5650,5672,5676
"Iron, WI",3,Per capita personal income (dollars) 2/,31441,34748,36026,37387,40010,41134,42385,44836,46966,48743,51471
"Jackson, WI",1,Personal income (thousands of dollars),713809,695263,726525,757947,807451,796782,833677,849046,847004,898325,952797
"Jackson, WI",2,Population (persons) 1/,20348,20372,20464,20519,20491,20558,20577,20521,20480,20474,20478
"Jackson, WI",3,Per capita personal income (dollars) 2/,35080,34128,35503,36939,39405,38758,40515,41374,41358,43876,46528
"Jefferson, WI",1,Personal income (thousands of dollars),2962111,2906205,2983614,3109032,3219895,3235385,3357377,3519545,3587776,3737276,3936413
"Jefferson, WI",2,Population (persons) 1/,83140,83480,83719,83830,84351,84605,84369,84503,84485,84775,85129
"Jefferson, WI",3,Per capita personal income (dollars) 2/,35628,34813,35638,37087,38173,38241,39794,41650,42466,44085,46241
"Juneau, WI",1,Personal income (thousands of dollars),801507,790899,817208,860074,898606,867650,886031,922985,925531,965906,1008735
"Juneau, WI",2,Population (persons) 1/,26825,26728,26673,26699,26769,26567,26338,26314,26348,26479,26617
"Juneau, WI",3,Per capita personal income (dollars) 2/,29879,29591,30638,32214,33569,32659,33641,35076,35127,36478,37898
"Kenosha, WI",1,Personal income (thousands of dollars),5862470,5780904,5888104,6127401,6351028,6457203,6742871,7079518,7261026,7531239,7935299
"Kenosha, WI",2,Population (persons) 1/,164636,165502,166625,166824,167220,167311,167856,167967,167954,168582,169290
"Kenosha, WI",3,Per capita personal income (dollars) 2/,35609,34930,35337,36730,37980,38594,40171,42148,43232,44674,46874
"Kewaunee, WI",1,Personal income (thousands of dollars),722918,697128,748177,813971,836111,843407,892911,904571,891586,921230,941631
"Kewaunee, WI",2,Population (persons) 1/,20636,20555,20557,20552,20499,20364,20336,20317,20367,20397,20383
"Kewaunee, WI",3,Per capita personal income (dollars) 2/,35032,33915,36395,39605,40788,41417,43908,44523,43776,45165,46197
"La Crosse, WI",1,Personal income (thousands of dollars),4198535,4270739,4342142,4610938,4877812,4832129,5144338,5312757,5431219,5647876,5924208
"La Crosse, WI",2,Population (persons) 1/,112761,114021,114875,115223,116541,116885,117446,117726,117733,118116,118230
"La Crosse, WI",3,Per capita personal income (dollars) 2/,37234,37456,37799,40018,41855,41341,43802,45128,46132,47816,50107
"Lafayette, WI",1,Personal income (thousands of dollars),542870,539629,588597,654859,640549,728513,702229,710896,691617,700663,717289
"Lafayette, WI",2,Population (persons) 1/,16768,16851,16810,16864,16801,16670,16778,16792,16750,16689,16665
"Lafayette, WI",3,Per capita personal income (dollars) 2/,32375,32024,35015,38832,38126,43702,41854,42335,41291,41984,43042
"Langlade, WI",1,Personal income (thousands of dollars),643173,647295,659352,688307,723392,726604,748692,781466,773944,806464,832825
"Langlade, WI",2,Population (persons) 1/,20248,20086,19964,19791,19620,19410,19252,19043,19079,19171,19268
"Langlade, WI",3,Per capita personal income (dollars) 2/,31765,32226,33027,34779,36870,37435,38889,41037,40565,42067,43223
"Lincoln, WI",1,Personal income (thousands of dollars),1009390,1020776,1003124,1039110,1066579,1068504,1102250,1147959,1181258,1216881,1267217
"Lincoln, WI",2,Population (persons) 1/,29094,28833,28777,28500,28499,28301,28104,27858,27821,27766,27689
"Lincoln, WI",3,Per capita personal income (dollars) 2/,34694,35403,34859,36460,37425,37755,39220,41208,42459,43826,45766
"Manitowoc, WI",1,Personal income (thousands of dollars),3049051,3063883,3112170,3249699,3338800,3274310,3441412,3543518,3542173,3654175,3769889
"Manitowoc, WI",2,Population (persons) 1/,81698,81600,81329,81029,80723,80492,79959,79495,79365,79140,79074
"Manitowoc, WI",3,Per capita personal income (dollars) 2/,37321,37548,38266,40105,41361,40679,43040,44575,44631,46174,47675
"Marathon, WI",1,Personal income (thousands of dollars),4955798,4972347,5006096,5305938,5590236,5622234,5918872,6098682,6270888,6495117,6786424
"Marathon, WI",2,Population (persons) 1/,133036,133793,134049,134323,134363,134880,135131,135289,135057,135415,135428
"Marathon, WI",3,Per capita personal income (dollars) 2/,37252,37164,37345,39501,41605,41683,43801,45079,46431,47965,50111
"Marinette, WI",1,Personal income (thousands of dollars),1355982,1333041,1405632,1467071,1543689,1561763,1601008,1643608,1646412,1700806,1779669
"Marinette, WI",2,Population (persons) 1/,42019,41792,41662,41408,41347,41287,41047,40653,40259,40290,40434
"Marinette, WI",3,Per capita personal income (dollars) 2/,32271,31897,33739,35430,37335,37827,39004,40430,40896,42214,44014
"Marquette, WI",1,Personal income (thousands of dollars),460814,462202,483367,513052,520484,538242,548119,569198,579665,603747,635598
"Marquette, WI",2,Population (persons) 1/,15485,15405,15379,15368,15243,15180,15071,15118,15129,15283,15434
"Marquette, WI",3,Per capita personal income (dollars) 2/,29759,30003,31430,33384,34146,35457,36369,37650,38315,39504,41182
"Menominee, WI*",1,Personal income (thousands of dollars),94484,104395,108167,110904,116036,120798,122795,134035,131384,134949,141466
"Menominee, WI*",2,Population (persons) 1/,4214,4191,4269,4370,4361,4381,4504,4525,4559,4643,4658
"Menominee, WI*",3,Per capita personal income (dollars) 2/,22421,24909,25338,25378,26608,27573,27264,29621,28819,29065,30371
"Milwaukee, WI",1,Personal income (thousands of dollars),35257957,35049640,35776970,37568920,39413180,38994026,40371667,41639116,41763657,43098050,45123754
"Milwaukee, WI",2,Population (persons) 1/,934752,942668,948301,951263,954606,957513,958546,958654,955057,950588,948201
"Milwaukee, WI",3,Per capita personal income (dollars) 2/,37719,37181,37727,39494,41287,40724,42118,43435,43729,45338,47589
"Monroe, WI",1,Personal income (thousands of dollars),1341353,1364090,1443108,1511685,1559558,1570196,1641723,1708936,1734631,1834456,1923960
"Monroe, WI",2,Population (persons) 1/,44157,44437,44813,45046,45003,45125,45158,45306,45376,45617,46051
"Monroe, WI",3,Per capita personal income (dollars) 2/,30377,30697,32203,33559,34655,34797,36355,37720,38228,40214,41779
"Oconto, WI",1,Personal income (thousands of dollars),1258374,1247014,1308127,1402423,1434376,1478723,1521434,1573919,1616553,1661817,1725395
"Oconto, WI",2,Population (persons) 1/,37816,37655,37717,37571,37417,37368,37463,37478,37481,37526,37830
"Oconto, WI",3,Per capita personal income (dollars) 2/,33276,33117,34683,37327,38335,39572,40612,41996,43130,44284,45609
"Oneida, WI",1,Personal income (thousands of dollars),1364279,1345951,1378416,1440336,1514102,1516701,1579756,1629782,1642603,1740009,1834315
"Oneida, WI",2,Population (persons) 1/,36500,36175,35948,35783,35669,35550,35323,35308,35339,35287,35470
"Oneida, WI",3,Per capita personal income (dollars) 2/,37378,37207,38345,40252,42449,42664,44723,46159,46481,49310,51715
"Outagamie, WI",1,Personal income (thousands of dollars),6833742,6641515,6840650,7275297,7615319,7729288,8141338,8529220,8864501,9184113,9598668
"Outagamie, WI",2,Population (persons) 1/,174388,176175,176913,177914,179003,180336,182170,183417,184755,186064,187365
"Outagamie, WI",3,Per capita personal income (dollars) 2/,39187,37698,38667,40892,42543,42860,44691,46502,47980,49360,51230
"Ozaukee, WI",1,Personal income (thousands of dollars),5446229,5200812,5397173,5854756,6097013,6109601,6335944,6560725,6829668,7053507,7487603
"Ozaukee, WI",2,Population (persons) 1/,85994,86409,86376,86787,87108,87218,87580,87934,88327,88430,89147
"Ozaukee, WI",3,Per capita personal income (dollars) 2/,63333,60188,62485,67461,69994,70050,72345,74610,77323,79764,83992
"Pepin, WI",1,Personal income (thousands of dollars),264900,260359,270151,291553,302999,295850,316394,322357,323444,338634,349590
"Pepin, WI",2,Population (persons) 1/,7545,7480,7472,7399,7373,7347,7297,7234,7243,7246,7289
"Pepin, WI",3,Per capita personal income (dollars) 2/,35109,34807,36155,39404,41096,40268,43359,44561,44656,46734,47961
"Pierce, WI",1,Personal income (thousands of dollars),1428240,1372471,1429362,1531354,1594862,1608603,1711426,1789674,1805088,1858718,1954803
"Pierce, WI",2,Population (persons) 1/,40758,40613,41080,40883,40712,40804,41028,41038,41409,41983,42555
"Pierce, WI",3,Per capita personal income (dollars) 2/,35042,33794,34795,37457,39174,39423,41714,43610,43592,44273,45936
"Polk, WI",1,Personal income (thousands of dollars),1471487,1455374,1497679,1595444,1682335,1685639,1774443,1849533,1877928,1951203,2027918
"Polk, WI",2,Population (persons) 1/,44331,44376,44159,43950,43519,43313,43331,43213,43216,43387,43598
"Polk, WI",3,Per capita personal income (dollars) 2/,33193,32796,33916,36301,38657,38918,40951,42800,43454,44972,46514
"Portage, WI",1,Personal income (thousands of dollars),2366565,2161842,2412255,2541842,2616121,2669616,2812611,2915391,2969430,3108181,3255229
"Portage, WI",2,Population (persons) 1/,69641,69876,70025,70078,70414,70513,70521,70497,70425,70608,70942
"Portage, WI",3,Per capita personal income (dollars) 2/,33982,30938,34448,36272,37153,37860,39883,41355,42164,44020,45886
"Price, WI",1,Personal income (thousands of dollars),493387,483895,505605,519862,549341,534115,564163,578682,578003,592330,607158
"Price, WI",2,Population (persons) 1/,14411,14297,14097,13983,13844,13739,13656,13577,13414,13406,13397
"Price, WI",3,Per capita personal income (dollars) 2/,34237,33846,35866,37178,39681,38876,41312,42622,43090,44184,45320
"Racine, WI",1,Personal income (thousands of dollars),7690653,7340929,7430040,7787961,8135331,7953221,8299043,8714768,8800886,9291789,9779840
"Racine, WI",2,Population (persons) 1/,194730,195130,195405,194892,194608,194703,194833,194710,194913,195949,196584
"Racine, WI",3,Per capita personal income (dollars) 2/,39494,37621,38024,39960,41804,40848,42596,44758,45153,47419,49749
"Richland, WI",1,Personal income (thousands of dollars),530251,535942,565502,601373,627058,647996,680782,695415,710593,724709,751263
"Richland, WI",2,Population (persons) 1/,18205,18112,18016,18000,17806,17817,17745,17559,17528,17488,17377
"Richland, WI",3,Per capita personal income (dollars) 2/,29127,29590,31389,33410,35216,36370,38365,39604,40540,41440,43233
"Rock, WI",1,Personal income (thousands of dollars),5403333,5284118,5419969,5718840,5998210,6184218,6244648,6457894,6612045,6848101,7210874
"Rock, WI",2,Population (persons) 1/,160647,160411,160272,159864,160065,160355,160950,161052,161394,162320,163129
"Rock, WI",3,Per capita personal income (dollars) 2/,33635,32941,33817,35773,37474,38566,38799,40098,40968,42189,44204
"Rusk, WI",1,Personal income (thousands of dollars),409612,421181,446545,467101,496484,515818,556060,577594,575791,604698,625277
"Rusk, WI",2,Population (persons) 1/,14884,14841,14730,14613,14304,14368,14350,14127,14111,14179,14147
"Rusk, WI",3,Per capita personal income (dollars) 2/,27520,28380,30315,31965,34709,35900,38750,40886,40804,42647,44199
"St. Croix, WI",1,Personal income (thousands of dollars),3341504,3191331,3320314,3580171,3730999,3824001,4095472,4304470,4498419,4716124,4981843
"St. Croix, WI",2,Population (persons) 1/,83192,84055,84406,84768,85037,85649,86544,87139,87603,88607,89694
"St. Croix, WI",3,Per capita personal income (dollars) 2/,40166,37967,39337,42235,43875,44647,47322,49398,51350,53225,55543
"Sauk, WI",1,Personal income (thousands of dollars),2161918,2129197,2247949,2368904,2500739,2560509,2697716,2797857,2834942,2966666,3107378
"Sauk, WI",2,Population (persons) 1/,61231,61562,62061,62241,62385,62797,62975,63264,63572,63918,64249
"Sauk, WI",3,Per capita personal income (dollars) 2/,35308,34586,36222,38060,40086,40774,42838,44225,44594,46414,48365
"Sawyer, WI",1,Personal income (thousands of dollars),546542,566348,591988,614208,649821,651932,662432,680090,691648,716227,757085
"Sawyer, WI",2,Population (persons) 1/,16650,16559,16556,16545,16520,16477,16361,16290,16321,16391,16489
"Sawyer, WI",3,Per capita personal income (dollars) 2/,32825,34202,35757,37123,39335,39566,40488,41749,42378,43696,45915
"Shawano, WI*",1,Personal income (thousands of dollars),1321697,1293319,1354926,1420492,1462668,1488978,1552382,1579397,1603634,1669865,1725260
"Shawano, WI*",2,Population (persons) 1/,41894,41889,41938,41664,41504,41409,41347,41062,40959,40881,40796
"Shawano, WI*",3,Per capita personal income (dollars) 2/,31549,30875,32308,34094,35242,35958,37545,38464,39152,40847,42290
"Sheboygan, WI",1,Personal income (thousands of dollars),4587951,4470862,4491663,4704538,5058669,4963471,5226511,5418741,5517367,5844985,6101981
"Sheboygan, WI",2,Population (persons) 1/,115652,115562,115521,115197,114767,114704,114998,115239,115099,115235,115456
"Sheboygan, WI",3,Per capita personal income (dollars) 2/,39670,38688,38882,40839,44078,43272,45449,47022,47936,50722,52851
"Taylor, WI",1,Personal income (thousands of dollars),620793,616387,648027,673156,707755,724771,746463,771320,752318,770830,797107
"Taylor, WI",2,Population (persons) 1/,20577,20697,20660,20655,20369,20423,20415,20321,20299,20333,20412
"Taylor, WI",3,Per capita personal income (dollars) 2/,30169,29781,31366,32590,34747,35488,36564,37957,37062,37910,39051
"Trempealeau, WI",1,Personal income (thousands of dollars),990971,1001553,1046041,1114427,1185844,1160617,1202329,1232028,1217406,1253558,1315998
"Trempealeau, WI",2,Population (persons) 1/,28452,28627,28847,28989,29289,29461,29409,29441,29535,29361,29442
"Trempealeau, WI",3,Per capita personal income (dollars) 2/,34830,34986,36262,38443,40488,39395,40883,41847,41219,42695,44698
"Vernon, WI",1,Personal income (thousands of dollars),907452,918282,965986,1016224,1045890,1069429,1112156,1139980,1146044,1192315,1242347
"Vernon, WI",2,Population (persons) 1/,29431,29659,29771,29871,30023,30091,30190,30318,30552,30737,30785
"Vernon, WI",3,Per capita personal income (dollars) 2/,30833,30961,32447,34020,34836,35540,36839,37601,37511,38791,40356
"Vilas, WI",1,Personal income (thousands of dollars),851774,765944,784998,834626,876873,882235,980905,1031052,1073077,1120903,1184289
"Vilas, WI",2,Population (persons) 1/,21767,21524,21441,21398,21298,21381,21403,21435,21483,21706,21938
"Vilas, WI",3,Per capita personal income (dollars) 2/,39131,35586,36612,39005,41172,41263,45830,48101,49950,51640,53983
"Walworth, WI",1,Personal income (thousands of dollars),3590834,3512383,3617567,3825207,4021020,4125687,4300508,4512965,4679815,4917174,5188239
"Walworth, WI",2,Population (persons) 1/,101916,102077,102198,102638,102883,102803,103193,102513,102686,102956,103718
"Walworth, WI",3,Per capita personal income (dollars) 2/,35233,34409,35398,37269,39083,40132,41674,44023,45574,47760,50023
"Washburn, WI",1,Personal income (thousands of dollars),529148,526446,555704,590394,636959,630101,664851,677039,683465,716904,749734
"Washburn, WI",2,Population (persons) 1/,16003,15947,15932,15842,15848,15660,15658,15519,15621,15770,15878
"Washburn, WI",3,Per capita personal income (dollars) 2/,33066,33012,34880,37268,40192,40236,42461,43626,43753,45460,47218
"Washington, WI",1,Personal income (thousands of dollars),5798383,5609340,5753829,6143192,6450817,6479807,6676972,6965758,7158056,7538314,7951755
"Washington, WI",2,Population (persons) 1/,130795,131579,131987,132326,132728,132928,133600,133932,134386,135063,135693
"Washington, WI",3,Per capita personal income (dollars) 2/,44332,42631,43594,46425,48602,48747,49977,52010,53265,55813,58601
"Waukesha, WI",1,Personal income (thousands of dollars),21409987,20629455,20967664,22259136,23398884,23520876,24561382,25864744,26894237,27708085,29282988
"Waukesha, WI",2,Population (persons) 1/,386691,388957,390020,390799,392799,394163,395431,396261,398561,401070,403072
"Waukesha, WI",3,Per capita personal income (dollars) 2/,55367,53038,53760,56958,59570,59673,62113,65272,67478,69085,72650
"Waupaca, WI",1,Personal income (thousands of dollars),1836304,1838974,1894938,1956732,2033365,2062340,2148486,2194110,2200781,2237037,2332895
"Waupaca, WI",2,Population (persons) 1/,52593,52392,52397,52281,51930,52104,51948,51682,51308,51153,51128
"Waupaca, WI",3,Per capita personal income (dollars) 2/,34915,35100,36165,37427,39156,39581,41358,42454,42894,43732,45629
"Waushara, WI",1,Personal income (thousands of dollars),755002,745722,774049,834694,872710,860182,885175,922977,916487,949853,999724
"Waushara, WI",2,Population (persons) 1/,24760,24554,24514,24546,24417,24245,24093,23946,24090,24186,24263
"Waushara, WI",3,Per capita personal income (dollars) 2/,30493,30371,31576,34005,35742,35479,36740,38544,38044,39273,41204
"Winnebago, WI",1,Personal income (thousands of dollars),6165768,5988351,6210926,6583641,6789412,6747455,7040761,7358151,7576328,7859570,8226265
"Winnebago, WI",2,Population (persons) 1/,164910,166429,167069,167473,168507,169279,169330,169270,169637,170375,171020
"Winnebago, WI",3,Per capita personal income (dollars) 2/,37389,35981,37176,39312,40292,39860,41580,43470,44662,46131,48101
"Wood, WI",1,Personal income (thousands of dollars),2728990,2710035,2725392,2838943,2926193,2906805,3019154,3137540,3186070,3273672,3414820
"Wood, WI",2,Population (persons) 1/,74519,74627,74814,74648,74321,73922,73593,73364,73246,73112,73055
"Wood, WI",3,Per capita personal income (dollars) 2/,36621,36314,36429,38031,39372,39323,41025,42767,43498,44776,46743
"Shawano (includes Menominee), WI*",1,Personal income (thousands of dollars),(NA),(NA),(NA),(NA),(NA),(NA),(NA),(NA),(NA),(NA),(NA)
"Shawano (includes Menominee), WI*",2,Population (persons) 1/,(NA),(NA),(NA),(NA),(NA),(NA),(NA),(NA),(NA),(NA),(NA)
"Shawano (includes Menominee), WI*",3,Per capita personal income (dollars) 2/,(NA),(NA),(NA),(NA),(NA),(NA),(NA),(NA),(NA),(NA),(NA)